Copyright 1986-2022 Xilinx, Inc. All Rights Reserved. Copyright 2022-2026 Advanced Micro Devices, Inc. All Rights Reserved.
---------------------------------------------------------------------------------------------------------------------------------------------
| Tool Version : Vivado v.2026.1 (win64) Build 6511674 Tue Jun 16 11:02:23 MDT 2026
| Date         : Mon Sep 21 11:26:36 2026
| Host         : LAPTOP-18NH2JOG running 64-bit major release  (build 9200)
| Command      : report_drc -file bd_wrapper_drc_routed.rpt -pb bd_wrapper_drc_routed.pb -rpx bd_wrapper_drc_routed.rpx
| Design       : bd_wrapper
| Device       : xczu9eg-ffvb1156-2-e
| Speed File   : -2
| Design State : Fully Routed
---------------------------------------------------------------------------------------------------------------------------------------------

Report DRC

Table of Contents
-----------------
1. REPORT SUMMARY
2. REPORT DETAILS

1. REPORT SUMMARY
-----------------
            Netlist: netlist
          Floorplan: design_1
      Design limits: <entire design considered>
           Ruledeck: default
             Max checks: <unlimited>
             Checks found: 315
+--------+----------+------------------------+--------+
| Rule   | Severity | Description            | Checks |
+--------+----------+------------------------+--------+
| DPIP-2 | Warning  | Input pipelining       | 76     |
| DPOP-3 | Warning  | PREG Output pipelining | 73     |
| DPOP-4 | Warning  | MREG Output pipelining | 166    |
+--------+----------+------------------------+--------+

2. REPORT DETAILS
-----------------
DPIP-2#1 Warning
Input pipelining  
DSP bd_i/y26_conv_top_0/inst/grp_y26_conv2d_hls_fu_1392/grp_y26_conv2d_hls_Pipeline_VITIS_LOOP_1265_29_fu_8785/add_ln1382_123_fu_21945_p2 input bd_i/y26_conv_top_0/inst/grp_y26_conv2d_hls_fu_1392/grp_y26_conv2d_hls_Pipeline_VITIS_LOOP_1265_29_fu_8785/add_ln1382_123_fu_21945_p2/C[47:0] is not pipelined. Pipelining DSP48 input will improve performance.
Related violations: <none>

DPIP-2#2 Warning
Input pipelining  
DSP bd_i/y26_conv_top_0/inst/grp_y26_conv2d_hls_fu_1392/grp_y26_conv2d_hls_Pipeline_VITIS_LOOP_1265_29_fu_8785/add_ln1382_185_fu_21996_p2 input bd_i/y26_conv_top_0/inst/grp_y26_conv2d_hls_fu_1392/grp_y26_conv2d_hls_Pipeline_VITIS_LOOP_1265_29_fu_8785/add_ln1382_185_fu_21996_p2/C[47:0] is not pipelined. Pipelining DSP48 input will improve performance.
Related violations: <none>

DPIP-2#3 Warning
Input pipelining  
DSP bd_i/y26_conv_top_0/inst/grp_y26_conv2d_hls_fu_1392/grp_y26_conv2d_hls_Pipeline_VITIS_LOOP_1265_29_fu_8785/add_ln1382_216_fu_22035_p2 input bd_i/y26_conv_top_0/inst/grp_y26_conv2d_hls_fu_1392/grp_y26_conv2d_hls_Pipeline_VITIS_LOOP_1265_29_fu_8785/add_ln1382_216_fu_22035_p2/C[47:0] is not pipelined. Pipelining DSP48 input will improve performance.
Related violations: <none>

DPIP-2#4 Warning
Input pipelining  
DSP bd_i/y26_conv_top_0/inst/grp_y26_conv2d_hls_fu_1392/grp_y26_conv2d_hls_Pipeline_VITIS_LOOP_1265_29_fu_8785/add_ln1382_247_fu_22074_p2 input bd_i/y26_conv_top_0/inst/grp_y26_conv2d_hls_fu_1392/grp_y26_conv2d_hls_Pipeline_VITIS_LOOP_1265_29_fu_8785/add_ln1382_247_fu_22074_p2/C[47:0] is not pipelined. Pipelining DSP48 input will improve performance.
Related violations: <none>

DPIP-2#5 Warning
Input pipelining  
DSP bd_i/y26_conv_top_0/inst/grp_y26_conv2d_hls_fu_1392/grp_y26_conv2d_hls_Pipeline_VITIS_LOOP_1265_29_fu_8785/add_ln1382_278_fu_22161_p2 input bd_i/y26_conv_top_0/inst/grp_y26_conv2d_hls_fu_1392/grp_y26_conv2d_hls_Pipeline_VITIS_LOOP_1265_29_fu_8785/add_ln1382_278_fu_22161_p2/C[47:0] is not pipelined. Pipelining DSP48 input will improve performance.
Related violations: <none>

DPIP-2#6 Warning
Input pipelining  
DSP bd_i/y26_conv_top_0/inst/grp_y26_conv2d_hls_fu_1392/grp_y26_conv2d_hls_Pipeline_VITIS_LOOP_1265_29_fu_8785/add_ln1382_309_fu_22200_p2 input bd_i/y26_conv_top_0/inst/grp_y26_conv2d_hls_fu_1392/grp_y26_conv2d_hls_Pipeline_VITIS_LOOP_1265_29_fu_8785/add_ln1382_309_fu_22200_p2/C[47:0] is not pipelined. Pipelining DSP48 input will improve performance.
Related violations: <none>

DPIP-2#7 Warning
Input pipelining  
DSP bd_i/y26_conv_top_0/inst/grp_y26_conv2d_hls_fu_1392/grp_y26_conv2d_hls_Pipeline_VITIS_LOOP_1265_29_fu_8785/add_ln1382_340_fu_22239_p2 input bd_i/y26_conv_top_0/inst/grp_y26_conv2d_hls_fu_1392/grp_y26_conv2d_hls_Pipeline_VITIS_LOOP_1265_29_fu_8785/add_ln1382_340_fu_22239_p2/C[47:0] is not pipelined. Pipelining DSP48 input will improve performance.
Related violations: <none>

DPIP-2#8 Warning
Input pipelining  
DSP bd_i/y26_conv_top_0/inst/grp_y26_conv2d_hls_fu_1392/grp_y26_conv2d_hls_Pipeline_VITIS_LOOP_1265_29_fu_8785/add_ln1382_371_fu_22278_p2 input bd_i/y26_conv_top_0/inst/grp_y26_conv2d_hls_fu_1392/grp_y26_conv2d_hls_Pipeline_VITIS_LOOP_1265_29_fu_8785/add_ln1382_371_fu_22278_p2/C[47:0] is not pipelined. Pipelining DSP48 input will improve performance.
Related violations: <none>

DPIP-2#9 Warning
Input pipelining  
DSP bd_i/y26_conv_top_0/inst/grp_y26_conv2d_hls_fu_1392/grp_y26_conv2d_hls_Pipeline_VITIS_LOOP_1265_29_fu_8785/add_ln1382_402_fu_22317_p2 input bd_i/y26_conv_top_0/inst/grp_y26_conv2d_hls_fu_1392/grp_y26_conv2d_hls_Pipeline_VITIS_LOOP_1265_29_fu_8785/add_ln1382_402_fu_22317_p2/A[29:0] is not pipelined. Pipelining DSP48 input will improve performance.
Related violations: <none>

DPIP-2#10 Warning
Input pipelining  
DSP bd_i/y26_conv_top_0/inst/grp_y26_conv2d_hls_fu_1392/grp_y26_conv2d_hls_Pipeline_VITIS_LOOP_1265_29_fu_8785/add_ln1382_402_fu_22317_p2 input bd_i/y26_conv_top_0/inst/grp_y26_conv2d_hls_fu_1392/grp_y26_conv2d_hls_Pipeline_VITIS_LOOP_1265_29_fu_8785/add_ln1382_402_fu_22317_p2/C[47:0] is not pipelined. Pipelining DSP48 input will improve performance.
Related violations: <none>

DPIP-2#11 Warning
Input pipelining  
DSP bd_i/y26_conv_top_0/inst/grp_y26_conv2d_hls_fu_1392/grp_y26_conv2d_hls_Pipeline_VITIS_LOOP_1265_29_fu_8785/add_ln1382_92_fu_21906_p2 input bd_i/y26_conv_top_0/inst/grp_y26_conv2d_hls_fu_1392/grp_y26_conv2d_hls_Pipeline_VITIS_LOOP_1265_29_fu_8785/add_ln1382_92_fu_21906_p2/C[47:0] is not pipelined. Pipelining DSP48 input will improve performance.
Related violations: <none>

DPIP-2#12 Warning
Input pipelining  
DSP bd_i/y26_conv_top_0/inst/grp_y26_conv2d_hls_fu_1392/grp_y26_conv2d_hls_Pipeline_VITIS_LOOP_1265_29_fu_8785/mac_muladd_8ns_8s_32s_32_4_1_U2175/y26_conv_top_mac_muladd_8ns_8s_32s_32_4_1_DSP48_0_U/p_reg_reg input bd_i/y26_conv_top_0/inst/grp_y26_conv2d_hls_fu_1392/grp_y26_conv2d_hls_Pipeline_VITIS_LOOP_1265_29_fu_8785/mac_muladd_8ns_8s_32s_32_4_1_U2175/y26_conv_top_mac_muladd_8ns_8s_32s_32_4_1_DSP48_0_U/p_reg_reg/C[47:0] is not pipelined. Pipelining DSP48 input will improve performance.
Related violations: <none>

DPIP-2#13 Warning
Input pipelining  
DSP bd_i/y26_conv_top_0/inst/grp_y26_conv2d_hls_fu_1392/grp_y26_conv2d_hls_Pipeline_VITIS_LOOP_1265_29_fu_8785/mac_muladd_8s_8ns_32s_32_4_1_U2176/y26_conv_top_mac_muladd_8s_8ns_32s_32_4_1_DSP48_0_U/p_reg_reg input bd_i/y26_conv_top_0/inst/grp_y26_conv2d_hls_fu_1392/grp_y26_conv2d_hls_Pipeline_VITIS_LOOP_1265_29_fu_8785/mac_muladd_8s_8ns_32s_32_4_1_U2176/y26_conv_top_mac_muladd_8s_8ns_32s_32_4_1_DSP48_0_U/p_reg_reg/C[47:0] is not pipelined. Pipelining DSP48 input will improve performance.
Related violations: <none>

DPIP-2#14 Warning
Input pipelining  
DSP bd_i/y26_conv_top_0/inst/grp_y26_conv2d_hls_fu_1392/grp_y26_conv2d_hls_Pipeline_VITIS_LOOP_1265_29_fu_8785/mac_muladd_8s_8ns_32s_32_4_1_U2177/y26_conv_top_mac_muladd_8s_8ns_32s_32_4_1_DSP48_0_U/p_reg_reg input bd_i/y26_conv_top_0/inst/grp_y26_conv2d_hls_fu_1392/grp_y26_conv2d_hls_Pipeline_VITIS_LOOP_1265_29_fu_8785/mac_muladd_8s_8ns_32s_32_4_1_U2177/y26_conv_top_mac_muladd_8s_8ns_32s_32_4_1_DSP48_0_U/p_reg_reg/C[47:0] is not pipelined. Pipelining DSP48 input will improve performance.
Related violations: <none>

DPIP-2#15 Warning
Input pipelining  
DSP bd_i/y26_conv_top_0/inst/grp_y26_conv2d_hls_fu_1392/grp_y26_conv2d_hls_Pipeline_VITIS_LOOP_1510_34_fu_8576/mac_muladd_8ns_8s_32s_32_4_1_U1445/y26_conv_top_mac_muladd_8ns_8s_32s_32_4_1_DSP48_0_U/p_reg_reg input bd_i/y26_conv_top_0/inst/grp_y26_conv2d_hls_fu_1392/grp_y26_conv2d_hls_Pipeline_VITIS_LOOP_1510_34_fu_8576/mac_muladd_8ns_8s_32s_32_4_1_U1445/y26_conv_top_mac_muladd_8ns_8s_32s_32_4_1_DSP48_0_U/p_reg_reg/C[47:0] is not pipelined. Pipelining DSP48 input will improve performance.
Related violations: <none>

DPIP-2#16 Warning
Input pipelining  
DSP bd_i/y26_conv_top_0/inst/grp_y26_conv2d_hls_fu_1392/grp_y26_conv2d_hls_Pipeline_VITIS_LOOP_1510_34_fu_8576/mac_muladd_8ns_8s_32s_32_4_1_U1446/y26_conv_top_mac_muladd_8ns_8s_32s_32_4_1_DSP48_0_U/p_reg_reg input bd_i/y26_conv_top_0/inst/grp_y26_conv2d_hls_fu_1392/grp_y26_conv2d_hls_Pipeline_VITIS_LOOP_1510_34_fu_8576/mac_muladd_8ns_8s_32s_32_4_1_U1446/y26_conv_top_mac_muladd_8ns_8s_32s_32_4_1_DSP48_0_U/p_reg_reg/C[47:0] is not pipelined. Pipelining DSP48 input will improve performance.
Related violations: <none>

DPIP-2#17 Warning
Input pipelining  
DSP bd_i/y26_conv_top_0/inst/grp_y26_conv2d_hls_fu_1392/grp_y26_conv2d_hls_Pipeline_VITIS_LOOP_1510_34_fu_8576/mac_muladd_8ns_8s_32s_32_4_1_U1447/y26_conv_top_mac_muladd_8ns_8s_32s_32_4_1_DSP48_0_U/p_reg_reg input bd_i/y26_conv_top_0/inst/grp_y26_conv2d_hls_fu_1392/grp_y26_conv2d_hls_Pipeline_VITIS_LOOP_1510_34_fu_8576/mac_muladd_8ns_8s_32s_32_4_1_U1447/y26_conv_top_mac_muladd_8ns_8s_32s_32_4_1_DSP48_0_U/p_reg_reg/C[47:0] is not pipelined. Pipelining DSP48 input will improve performance.
Related violations: <none>

DPIP-2#18 Warning
Input pipelining  
DSP bd_i/y26_conv_top_0/inst/grp_y26_conv2d_hls_fu_1392/grp_y26_conv2d_hls_Pipeline_VITIS_LOOP_1510_34_fu_8576/mac_muladd_8ns_8s_32s_32_4_1_U1448/y26_conv_top_mac_muladd_8ns_8s_32s_32_4_1_DSP48_0_U/p_reg_reg input bd_i/y26_conv_top_0/inst/grp_y26_conv2d_hls_fu_1392/grp_y26_conv2d_hls_Pipeline_VITIS_LOOP_1510_34_fu_8576/mac_muladd_8ns_8s_32s_32_4_1_U1448/y26_conv_top_mac_muladd_8ns_8s_32s_32_4_1_DSP48_0_U/p_reg_reg/C[47:0] is not pipelined. Pipelining DSP48 input will improve performance.
Related violations: <none>

DPIP-2#19 Warning
Input pipelining  
DSP bd_i/y26_conv_top_0/inst/grp_y26_conv2d_hls_fu_1392/grp_y26_conv2d_hls_Pipeline_VITIS_LOOP_1510_34_fu_8576/mac_muladd_8ns_8s_32s_32_4_1_U1449/y26_conv_top_mac_muladd_8ns_8s_32s_32_4_1_DSP48_0_U/p_reg_reg input bd_i/y26_conv_top_0/inst/grp_y26_conv2d_hls_fu_1392/grp_y26_conv2d_hls_Pipeline_VITIS_LOOP_1510_34_fu_8576/mac_muladd_8ns_8s_32s_32_4_1_U1449/y26_conv_top_mac_muladd_8ns_8s_32s_32_4_1_DSP48_0_U/p_reg_reg/C[47:0] is not pipelined. Pipelining DSP48 input will improve performance.
Related violations: <none>

DPIP-2#20 Warning
Input pipelining  
DSP bd_i/y26_conv_top_0/inst/grp_y26_conv2d_hls_fu_1392/grp_y26_conv2d_hls_Pipeline_VITIS_LOOP_1510_34_fu_8576/mac_muladd_8ns_8s_32s_32_4_1_U1450/y26_conv_top_mac_muladd_8ns_8s_32s_32_4_1_DSP48_0_U/p_reg_reg input bd_i/y26_conv_top_0/inst/grp_y26_conv2d_hls_fu_1392/grp_y26_conv2d_hls_Pipeline_VITIS_LOOP_1510_34_fu_8576/mac_muladd_8ns_8s_32s_32_4_1_U1450/y26_conv_top_mac_muladd_8ns_8s_32s_32_4_1_DSP48_0_U/p_reg_reg/C[47:0] is not pipelined. Pipelining DSP48 input will improve performance.
Related violations: <none>

DPIP-2#21 Warning
Input pipelining  
DSP bd_i/y26_conv_top_0/inst/grp_y26_conv2d_hls_fu_1392/grp_y26_conv2d_hls_Pipeline_VITIS_LOOP_1510_34_fu_8576/mul_ln1534_6_reg_4799_reg input bd_i/y26_conv_top_0/inst/grp_y26_conv2d_hls_fu_1392/grp_y26_conv2d_hls_Pipeline_VITIS_LOOP_1510_34_fu_8576/mul_ln1534_6_reg_4799_reg/B[17:0] is not pipelined. Pipelining DSP48 input will improve performance.
Related violations: <none>

DPIP-2#22 Warning
Input pipelining  
DSP bd_i/y26_conv_top_0/inst/grp_y26_conv2d_hls_fu_1392/grp_y26_conv2d_hls_Pipeline_VITIS_LOOP_1827_38_fu_10021/mul_32s_32s_64_2_1_U2885/buff0_reg input bd_i/y26_conv_top_0/inst/grp_y26_conv2d_hls_fu_1392/grp_y26_conv2d_hls_Pipeline_VITIS_LOOP_1827_38_fu_10021/mul_32s_32s_64_2_1_U2885/buff0_reg/B[17:0] is not pipelined. Pipelining DSP48 input will improve performance.
Related violations: <none>

DPIP-2#23 Warning
Input pipelining  
DSP bd_i/y26_conv_top_0/inst/grp_y26_conv2d_hls_fu_1392/grp_y26_conv2d_hls_Pipeline_VITIS_LOOP_1827_38_fu_10021/mul_32s_32s_64_2_1_U2885/buff0_reg__0 input bd_i/y26_conv_top_0/inst/grp_y26_conv2d_hls_fu_1392/grp_y26_conv2d_hls_Pipeline_VITIS_LOOP_1827_38_fu_10021/mul_32s_32s_64_2_1_U2885/buff0_reg__0/B[17:0] is not pipelined. Pipelining DSP48 input will improve performance.
Related violations: <none>

DPIP-2#24 Warning
Input pipelining  
DSP bd_i/y26_conv_top_0/inst/grp_y26_conv2d_hls_fu_1392/grp_y26_conv2d_hls_Pipeline_VITIS_LOOP_1827_38_fu_10021/mul_32s_32s_64_2_1_U2885/tmp_product input bd_i/y26_conv_top_0/inst/grp_y26_conv2d_hls_fu_1392/grp_y26_conv2d_hls_Pipeline_VITIS_LOOP_1827_38_fu_10021/mul_32s_32s_64_2_1_U2885/tmp_product/A[29:0] is not pipelined. Pipelining DSP48 input will improve performance.
Related violations: <none>

DPIP-2#25 Warning
Input pipelining  
DSP bd_i/y26_conv_top_0/inst/grp_y26_conv2d_hls_fu_1392/grp_y26_conv2d_hls_Pipeline_VITIS_LOOP_1827_38_fu_10021/mul_32s_32s_64_2_1_U2885/tmp_product__0 input bd_i/y26_conv_top_0/inst/grp_y26_conv2d_hls_fu_1392/grp_y26_conv2d_hls_Pipeline_VITIS_LOOP_1827_38_fu_10021/mul_32s_32s_64_2_1_U2885/tmp_product__0/B[17:0] is not pipelined. Pipelining DSP48 input will improve performance.
Related violations: <none>

DPIP-2#26 Warning
Input pipelining  
DSP bd_i/y26_conv_top_0/inst/grp_y26_conv2d_hls_fu_1392/grp_y26_conv2d_hls_Pipeline_VITIS_LOOP_1827_38_fu_10021/mul_32s_32s_64_2_1_U2887/buff0_reg input bd_i/y26_conv_top_0/inst/grp_y26_conv2d_hls_fu_1392/grp_y26_conv2d_hls_Pipeline_VITIS_LOOP_1827_38_fu_10021/mul_32s_32s_64_2_1_U2887/buff0_reg/B[17:0] is not pipelined. Pipelining DSP48 input will improve performance.
Related violations: <none>

DPIP-2#27 Warning
Input pipelining  
DSP bd_i/y26_conv_top_0/inst/grp_y26_conv2d_hls_fu_1392/grp_y26_conv2d_hls_Pipeline_VITIS_LOOP_1827_38_fu_10021/mul_32s_32s_64_2_1_U2887/buff0_reg__0 input bd_i/y26_conv_top_0/inst/grp_y26_conv2d_hls_fu_1392/grp_y26_conv2d_hls_Pipeline_VITIS_LOOP_1827_38_fu_10021/mul_32s_32s_64_2_1_U2887/buff0_reg__0/B[17:0] is not pipelined. Pipelining DSP48 input will improve performance.
Related violations: <none>

DPIP-2#28 Warning
Input pipelining  
DSP bd_i/y26_conv_top_0/inst/grp_y26_conv2d_hls_fu_1392/grp_y26_conv2d_hls_Pipeline_VITIS_LOOP_1827_38_fu_10021/mul_32s_32s_64_2_1_U2887/tmp_product input bd_i/y26_conv_top_0/inst/grp_y26_conv2d_hls_fu_1392/grp_y26_conv2d_hls_Pipeline_VITIS_LOOP_1827_38_fu_10021/mul_32s_32s_64_2_1_U2887/tmp_product/A[29:0] is not pipelined. Pipelining DSP48 input will improve performance.
Related violations: <none>

DPIP-2#29 Warning
Input pipelining  
DSP bd_i/y26_conv_top_0/inst/grp_y26_conv2d_hls_fu_1392/grp_y26_conv2d_hls_Pipeline_VITIS_LOOP_1827_38_fu_10021/mul_32s_32s_64_2_1_U2887/tmp_product__0 input bd_i/y26_conv_top_0/inst/grp_y26_conv2d_hls_fu_1392/grp_y26_conv2d_hls_Pipeline_VITIS_LOOP_1827_38_fu_10021/mul_32s_32s_64_2_1_U2887/tmp_product__0/B[17:0] is not pipelined. Pipelining DSP48 input will improve performance.
Related violations: <none>

DPIP-2#30 Warning
Input pipelining  
DSP bd_i/y26_conv_top_0/inst/grp_y26_conv2d_hls_fu_1392/grp_y26_conv2d_hls_Pipeline_VITIS_LOOP_1827_38_fu_10021/mul_32s_32s_64_2_1_U2889/buff0_reg input bd_i/y26_conv_top_0/inst/grp_y26_conv2d_hls_fu_1392/grp_y26_conv2d_hls_Pipeline_VITIS_LOOP_1827_38_fu_10021/mul_32s_32s_64_2_1_U2889/buff0_reg/B[17:0] is not pipelined. Pipelining DSP48 input will improve performance.
Related violations: <none>

DPIP-2#31 Warning
Input pipelining  
DSP bd_i/y26_conv_top_0/inst/grp_y26_conv2d_hls_fu_1392/grp_y26_conv2d_hls_Pipeline_VITIS_LOOP_1827_38_fu_10021/mul_32s_32s_64_2_1_U2889/buff0_reg__0 input bd_i/y26_conv_top_0/inst/grp_y26_conv2d_hls_fu_1392/grp_y26_conv2d_hls_Pipeline_VITIS_LOOP_1827_38_fu_10021/mul_32s_32s_64_2_1_U2889/buff0_reg__0/B[17:0] is not pipelined. Pipelining DSP48 input will improve performance.
Related violations: <none>

DPIP-2#32 Warning
Input pipelining  
DSP bd_i/y26_conv_top_0/inst/grp_y26_conv2d_hls_fu_1392/grp_y26_conv2d_hls_Pipeline_VITIS_LOOP_1827_38_fu_10021/mul_32s_32s_64_2_1_U2889/tmp_product input bd_i/y26_conv_top_0/inst/grp_y26_conv2d_hls_fu_1392/grp_y26_conv2d_hls_Pipeline_VITIS_LOOP_1827_38_fu_10021/mul_32s_32s_64_2_1_U2889/tmp_product/A[29:0] is not pipelined. Pipelining DSP48 input will improve performance.
Related violations: <none>

DPIP-2#33 Warning
Input pipelining  
DSP bd_i/y26_conv_top_0/inst/grp_y26_conv2d_hls_fu_1392/grp_y26_conv2d_hls_Pipeline_VITIS_LOOP_1827_38_fu_10021/mul_32s_32s_64_2_1_U2889/tmp_product__0 input bd_i/y26_conv_top_0/inst/grp_y26_conv2d_hls_fu_1392/grp_y26_conv2d_hls_Pipeline_VITIS_LOOP_1827_38_fu_10021/mul_32s_32s_64_2_1_U2889/tmp_product__0/B[17:0] is not pipelined. Pipelining DSP48 input will improve performance.
Related violations: <none>

DPIP-2#34 Warning
Input pipelining  
DSP bd_i/y26_conv_top_0/inst/grp_y26_conv2d_hls_fu_1392/grp_y26_conv2d_hls_Pipeline_VITIS_LOOP_1827_38_fu_10021/mul_32s_32s_64_2_1_U2891/buff0_reg input bd_i/y26_conv_top_0/inst/grp_y26_conv2d_hls_fu_1392/grp_y26_conv2d_hls_Pipeline_VITIS_LOOP_1827_38_fu_10021/mul_32s_32s_64_2_1_U2891/buff0_reg/B[17:0] is not pipelined. Pipelining DSP48 input will improve performance.
Related violations: <none>

DPIP-2#35 Warning
Input pipelining  
DSP bd_i/y26_conv_top_0/inst/grp_y26_conv2d_hls_fu_1392/grp_y26_conv2d_hls_Pipeline_VITIS_LOOP_1827_38_fu_10021/mul_32s_32s_64_2_1_U2891/buff0_reg__0 input bd_i/y26_conv_top_0/inst/grp_y26_conv2d_hls_fu_1392/grp_y26_conv2d_hls_Pipeline_VITIS_LOOP_1827_38_fu_10021/mul_32s_32s_64_2_1_U2891/buff0_reg__0/B[17:0] is not pipelined. Pipelining DSP48 input will improve performance.
Related violations: <none>

DPIP-2#36 Warning
Input pipelining  
DSP bd_i/y26_conv_top_0/inst/grp_y26_conv2d_hls_fu_1392/grp_y26_conv2d_hls_Pipeline_VITIS_LOOP_1827_38_fu_10021/mul_32s_32s_64_2_1_U2891/tmp_product input bd_i/y26_conv_top_0/inst/grp_y26_conv2d_hls_fu_1392/grp_y26_conv2d_hls_Pipeline_VITIS_LOOP_1827_38_fu_10021/mul_32s_32s_64_2_1_U2891/tmp_product/A[29:0] is not pipelined. Pipelining DSP48 input will improve performance.
Related violations: <none>

DPIP-2#37 Warning
Input pipelining  
DSP bd_i/y26_conv_top_0/inst/grp_y26_conv2d_hls_fu_1392/grp_y26_conv2d_hls_Pipeline_VITIS_LOOP_1827_38_fu_10021/mul_32s_32s_64_2_1_U2891/tmp_product__0 input bd_i/y26_conv_top_0/inst/grp_y26_conv2d_hls_fu_1392/grp_y26_conv2d_hls_Pipeline_VITIS_LOOP_1827_38_fu_10021/mul_32s_32s_64_2_1_U2891/tmp_product__0/B[17:0] is not pipelined. Pipelining DSP48 input will improve performance.
Related violations: <none>

DPIP-2#38 Warning
Input pipelining  
DSP bd_i/y26_conv_top_0/inst/grp_y26_conv2d_hls_fu_1392/grp_y26_conv2d_hls_Pipeline_VITIS_LOOP_1827_38_fu_10021/mul_32s_32s_64_2_1_U2893/buff0_reg input bd_i/y26_conv_top_0/inst/grp_y26_conv2d_hls_fu_1392/grp_y26_conv2d_hls_Pipeline_VITIS_LOOP_1827_38_fu_10021/mul_32s_32s_64_2_1_U2893/buff0_reg/B[17:0] is not pipelined. Pipelining DSP48 input will improve performance.
Related violations: <none>

DPIP-2#39 Warning
Input pipelining  
DSP bd_i/y26_conv_top_0/inst/grp_y26_conv2d_hls_fu_1392/grp_y26_conv2d_hls_Pipeline_VITIS_LOOP_1827_38_fu_10021/mul_32s_32s_64_2_1_U2893/buff0_reg__0 input bd_i/y26_conv_top_0/inst/grp_y26_conv2d_hls_fu_1392/grp_y26_conv2d_hls_Pipeline_VITIS_LOOP_1827_38_fu_10021/mul_32s_32s_64_2_1_U2893/buff0_reg__0/B[17:0] is not pipelined. Pipelining DSP48 input will improve performance.
Related violations: <none>

DPIP-2#40 Warning
Input pipelining  
DSP bd_i/y26_conv_top_0/inst/grp_y26_conv2d_hls_fu_1392/grp_y26_conv2d_hls_Pipeline_VITIS_LOOP_1827_38_fu_10021/mul_32s_32s_64_2_1_U2893/tmp_product input bd_i/y26_conv_top_0/inst/grp_y26_conv2d_hls_fu_1392/grp_y26_conv2d_hls_Pipeline_VITIS_LOOP_1827_38_fu_10021/mul_32s_32s_64_2_1_U2893/tmp_product/A[29:0] is not pipelined. Pipelining DSP48 input will improve performance.
Related violations: <none>

DPIP-2#41 Warning
Input pipelining  
DSP bd_i/y26_conv_top_0/inst/grp_y26_conv2d_hls_fu_1392/grp_y26_conv2d_hls_Pipeline_VITIS_LOOP_1827_38_fu_10021/mul_32s_32s_64_2_1_U2893/tmp_product__0 input bd_i/y26_conv_top_0/inst/grp_y26_conv2d_hls_fu_1392/grp_y26_conv2d_hls_Pipeline_VITIS_LOOP_1827_38_fu_10021/mul_32s_32s_64_2_1_U2893/tmp_product__0/B[17:0] is not pipelined. Pipelining DSP48 input will improve performance.
Related violations: <none>

DPIP-2#42 Warning
Input pipelining  
DSP bd_i/y26_conv_top_0/inst/grp_y26_conv2d_hls_fu_1392/grp_y26_conv2d_hls_Pipeline_VITIS_LOOP_1827_38_fu_10021/mul_32s_32s_64_2_1_U2895/buff0_reg input bd_i/y26_conv_top_0/inst/grp_y26_conv2d_hls_fu_1392/grp_y26_conv2d_hls_Pipeline_VITIS_LOOP_1827_38_fu_10021/mul_32s_32s_64_2_1_U2895/buff0_reg/B[17:0] is not pipelined. Pipelining DSP48 input will improve performance.
Related violations: <none>

DPIP-2#43 Warning
Input pipelining  
DSP bd_i/y26_conv_top_0/inst/grp_y26_conv2d_hls_fu_1392/grp_y26_conv2d_hls_Pipeline_VITIS_LOOP_1827_38_fu_10021/mul_32s_32s_64_2_1_U2895/buff0_reg__0 input bd_i/y26_conv_top_0/inst/grp_y26_conv2d_hls_fu_1392/grp_y26_conv2d_hls_Pipeline_VITIS_LOOP_1827_38_fu_10021/mul_32s_32s_64_2_1_U2895/buff0_reg__0/B[17:0] is not pipelined. Pipelining DSP48 input will improve performance.
Related violations: <none>

DPIP-2#44 Warning
Input pipelining  
DSP bd_i/y26_conv_top_0/inst/grp_y26_conv2d_hls_fu_1392/grp_y26_conv2d_hls_Pipeline_VITIS_LOOP_1827_38_fu_10021/mul_32s_32s_64_2_1_U2895/tmp_product input bd_i/y26_conv_top_0/inst/grp_y26_conv2d_hls_fu_1392/grp_y26_conv2d_hls_Pipeline_VITIS_LOOP_1827_38_fu_10021/mul_32s_32s_64_2_1_U2895/tmp_product/A[29:0] is not pipelined. Pipelining DSP48 input will improve performance.
Related violations: <none>

DPIP-2#45 Warning
Input pipelining  
DSP bd_i/y26_conv_top_0/inst/grp_y26_conv2d_hls_fu_1392/grp_y26_conv2d_hls_Pipeline_VITIS_LOOP_1827_38_fu_10021/mul_32s_32s_64_2_1_U2895/tmp_product__0 input bd_i/y26_conv_top_0/inst/grp_y26_conv2d_hls_fu_1392/grp_y26_conv2d_hls_Pipeline_VITIS_LOOP_1827_38_fu_10021/mul_32s_32s_64_2_1_U2895/tmp_product__0/B[17:0] is not pipelined. Pipelining DSP48 input will improve performance.
Related violations: <none>

DPIP-2#46 Warning
Input pipelining  
DSP bd_i/y26_conv_top_0/inst/grp_y26_conv2d_hls_fu_1392/grp_y26_conv2d_hls_Pipeline_VITIS_LOOP_1827_38_fu_10021/mul_32s_32s_64_2_1_U2897/buff0_reg input bd_i/y26_conv_top_0/inst/grp_y26_conv2d_hls_fu_1392/grp_y26_conv2d_hls_Pipeline_VITIS_LOOP_1827_38_fu_10021/mul_32s_32s_64_2_1_U2897/buff0_reg/B[17:0] is not pipelined. Pipelining DSP48 input will improve performance.
Related violations: <none>

DPIP-2#47 Warning
Input pipelining  
DSP bd_i/y26_conv_top_0/inst/grp_y26_conv2d_hls_fu_1392/grp_y26_conv2d_hls_Pipeline_VITIS_LOOP_1827_38_fu_10021/mul_32s_32s_64_2_1_U2897/buff0_reg__0 input bd_i/y26_conv_top_0/inst/grp_y26_conv2d_hls_fu_1392/grp_y26_conv2d_hls_Pipeline_VITIS_LOOP_1827_38_fu_10021/mul_32s_32s_64_2_1_U2897/buff0_reg__0/B[17:0] is not pipelined. Pipelining DSP48 input will improve performance.
Related violations: <none>

DPIP-2#48 Warning
Input pipelining  
DSP bd_i/y26_conv_top_0/inst/grp_y26_conv2d_hls_fu_1392/grp_y26_conv2d_hls_Pipeline_VITIS_LOOP_1827_38_fu_10021/mul_32s_32s_64_2_1_U2897/tmp_product input bd_i/y26_conv_top_0/inst/grp_y26_conv2d_hls_fu_1392/grp_y26_conv2d_hls_Pipeline_VITIS_LOOP_1827_38_fu_10021/mul_32s_32s_64_2_1_U2897/tmp_product/A[29:0] is not pipelined. Pipelining DSP48 input will improve performance.
Related violations: <none>

DPIP-2#49 Warning
Input pipelining  
DSP bd_i/y26_conv_top_0/inst/grp_y26_conv2d_hls_fu_1392/grp_y26_conv2d_hls_Pipeline_VITIS_LOOP_1827_38_fu_10021/mul_32s_32s_64_2_1_U2897/tmp_product__0 input bd_i/y26_conv_top_0/inst/grp_y26_conv2d_hls_fu_1392/grp_y26_conv2d_hls_Pipeline_VITIS_LOOP_1827_38_fu_10021/mul_32s_32s_64_2_1_U2897/tmp_product__0/B[17:0] is not pipelined. Pipelining DSP48 input will improve performance.
Related violations: <none>

DPIP-2#50 Warning
Input pipelining  
DSP bd_i/y26_conv_top_0/inst/grp_y26_conv2d_hls_fu_1392/grp_y26_conv2d_hls_Pipeline_VITIS_LOOP_1827_38_fu_10021/mul_32s_32s_64_2_1_U2899/buff0_reg input bd_i/y26_conv_top_0/inst/grp_y26_conv2d_hls_fu_1392/grp_y26_conv2d_hls_Pipeline_VITIS_LOOP_1827_38_fu_10021/mul_32s_32s_64_2_1_U2899/buff0_reg/B[17:0] is not pipelined. Pipelining DSP48 input will improve performance.
Related violations: <none>

DPIP-2#51 Warning
Input pipelining  
DSP bd_i/y26_conv_top_0/inst/grp_y26_conv2d_hls_fu_1392/grp_y26_conv2d_hls_Pipeline_VITIS_LOOP_1827_38_fu_10021/mul_32s_32s_64_2_1_U2899/buff0_reg__0 input bd_i/y26_conv_top_0/inst/grp_y26_conv2d_hls_fu_1392/grp_y26_conv2d_hls_Pipeline_VITIS_LOOP_1827_38_fu_10021/mul_32s_32s_64_2_1_U2899/buff0_reg__0/B[17:0] is not pipelined. Pipelining DSP48 input will improve performance.
Related violations: <none>

DPIP-2#52 Warning
Input pipelining  
DSP bd_i/y26_conv_top_0/inst/grp_y26_conv2d_hls_fu_1392/grp_y26_conv2d_hls_Pipeline_VITIS_LOOP_1827_38_fu_10021/mul_32s_32s_64_2_1_U2899/tmp_product input bd_i/y26_conv_top_0/inst/grp_y26_conv2d_hls_fu_1392/grp_y26_conv2d_hls_Pipeline_VITIS_LOOP_1827_38_fu_10021/mul_32s_32s_64_2_1_U2899/tmp_product/A[29:0] is not pipelined. Pipelining DSP48 input will improve performance.
Related violations: <none>

DPIP-2#53 Warning
Input pipelining  
DSP bd_i/y26_conv_top_0/inst/grp_y26_conv2d_hls_fu_1392/grp_y26_conv2d_hls_Pipeline_VITIS_LOOP_1827_38_fu_10021/mul_32s_32s_64_2_1_U2899/tmp_product__0 input bd_i/y26_conv_top_0/inst/grp_y26_conv2d_hls_fu_1392/grp_y26_conv2d_hls_Pipeline_VITIS_LOOP_1827_38_fu_10021/mul_32s_32s_64_2_1_U2899/tmp_product__0/B[17:0] is not pipelined. Pipelining DSP48 input will improve performance.
Related violations: <none>

DPIP-2#54 Warning
Input pipelining  
DSP bd_i/y26_conv_top_0/inst/grp_y26_conv2d_hls_fu_1392/mul_29s_29s_29_2_1_U3378/buff0_reg input bd_i/y26_conv_top_0/inst/grp_y26_conv2d_hls_fu_1392/mul_29s_29s_29_2_1_U3378/buff0_reg/A[29:0] is not pipelined. Pipelining DSP48 input will improve performance.
Related violations: <none>

DPIP-2#55 Warning
Input pipelining  
DSP bd_i/y26_conv_top_0/inst/grp_y26_conv2d_hls_fu_1392/mul_29s_29s_29_2_1_U3378/buff0_reg input bd_i/y26_conv_top_0/inst/grp_y26_conv2d_hls_fu_1392/mul_29s_29s_29_2_1_U3378/buff0_reg/B[17:0] is not pipelined. Pipelining DSP48 input will improve performance.
Related violations: <none>

DPIP-2#56 Warning
Input pipelining  
DSP bd_i/y26_conv_top_0/inst/grp_y26_conv2d_hls_fu_1392/mul_29s_29s_29_2_1_U3378/buff0_reg__0 input bd_i/y26_conv_top_0/inst/grp_y26_conv2d_hls_fu_1392/mul_29s_29s_29_2_1_U3378/buff0_reg__0/A[29:0] is not pipelined. Pipelining DSP48 input will improve performance.
Related violations: <none>

DPIP-2#57 Warning
Input pipelining  
DSP bd_i/y26_conv_top_0/inst/grp_y26_conv2d_hls_fu_1392/mul_29s_29s_29_2_1_U3378/buff0_reg__0 input bd_i/y26_conv_top_0/inst/grp_y26_conv2d_hls_fu_1392/mul_29s_29s_29_2_1_U3378/buff0_reg__0/B[17:0] is not pipelined. Pipelining DSP48 input will improve performance.
Related violations: <none>

DPIP-2#58 Warning
Input pipelining  
DSP bd_i/y26_conv_top_0/inst/grp_y26_conv2d_hls_fu_1392/mul_29s_29s_29_2_1_U3378/tmp_product input bd_i/y26_conv_top_0/inst/grp_y26_conv2d_hls_fu_1392/mul_29s_29s_29_2_1_U3378/tmp_product/A[29:0] is not pipelined. Pipelining DSP48 input will improve performance.
Related violations: <none>

DPIP-2#59 Warning
Input pipelining  
DSP bd_i/y26_conv_top_0/inst/grp_y26_conv2d_hls_fu_1392/mul_29s_29s_29_2_1_U3378/tmp_product input bd_i/y26_conv_top_0/inst/grp_y26_conv2d_hls_fu_1392/mul_29s_29s_29_2_1_U3378/tmp_product/B[17:0] is not pipelined. Pipelining DSP48 input will improve performance.
Related violations: <none>

DPIP-2#60 Warning
Input pipelining  
DSP bd_i/y26_conv_top_0/inst/grp_y26_conv2d_hls_fu_1392/mul_31ns_15ns_46_2_1_U3379/buff0_reg input bd_i/y26_conv_top_0/inst/grp_y26_conv2d_hls_fu_1392/mul_31ns_15ns_46_2_1_U3379/buff0_reg/A[29:0] is not pipelined. Pipelining DSP48 input will improve performance.
Related violations: <none>

DPIP-2#61 Warning
Input pipelining  
DSP bd_i/y26_conv_top_0/inst/grp_y26_conv2d_hls_fu_1392/mul_31ns_15ns_46_2_1_U3379/tmp_product input bd_i/y26_conv_top_0/inst/grp_y26_conv2d_hls_fu_1392/mul_31ns_15ns_46_2_1_U3379/tmp_product/B[17:0] is not pipelined. Pipelining DSP48 input will improve performance.
Related violations: <none>

DPIP-2#62 Warning
Input pipelining  
DSP bd_i/y26_conv_top_0/inst/grp_y26_conv2d_hls_fu_1392/mul_32s_32s_32_2_1_U3380/buff0_reg input bd_i/y26_conv_top_0/inst/grp_y26_conv2d_hls_fu_1392/mul_32s_32s_32_2_1_U3380/buff0_reg/B[17:0] is not pipelined. Pipelining DSP48 input will improve performance.
Related violations: <none>

DPIP-2#63 Warning
Input pipelining  
DSP bd_i/y26_conv_top_0/inst/grp_y26_conv2d_hls_fu_1392/mul_32s_32s_32_2_1_U3380/tmp_product input bd_i/y26_conv_top_0/inst/grp_y26_conv2d_hls_fu_1392/mul_32s_32s_32_2_1_U3380/tmp_product/A[29:0] is not pipelined. Pipelining DSP48 input will improve performance.
Related violations: <none>

DPIP-2#64 Warning
Input pipelining  
DSP bd_i/y26_conv_top_0/inst/grp_y26_conv2d_hls_fu_1392/mul_32s_32s_32_2_1_U3380/tmp_product input bd_i/y26_conv_top_0/inst/grp_y26_conv2d_hls_fu_1392/mul_32s_32s_32_2_1_U3380/tmp_product/B[17:0] is not pipelined. Pipelining DSP48 input will improve performance.
Related violations: <none>

DPIP-2#65 Warning
Input pipelining  
DSP bd_i/y26_conv_top_0/inst/grp_y26_conv2d_hls_fu_1392/mul_32s_32s_32_2_1_U3380/tmp_product__0 input bd_i/y26_conv_top_0/inst/grp_y26_conv2d_hls_fu_1392/mul_32s_32s_32_2_1_U3380/tmp_product__0/A[29:0] is not pipelined. Pipelining DSP48 input will improve performance.
Related violations: <none>

DPIP-2#66 Warning
Input pipelining  
DSP bd_i/y26_conv_top_0/inst/grp_y26_conv2d_hls_fu_1392/mul_32s_32s_32_2_1_U3380/tmp_product__0 input bd_i/y26_conv_top_0/inst/grp_y26_conv2d_hls_fu_1392/mul_32s_32s_32_2_1_U3380/tmp_product__0/B[17:0] is not pipelined. Pipelining DSP48 input will improve performance.
Related violations: <none>

DPIP-2#67 Warning
Input pipelining  
DSP bd_i/y26_conv_top_0/inst/grp_y26_conv2d_hls_fu_1392/mul_32s_32s_32_2_1_U3381/buff0_reg input bd_i/y26_conv_top_0/inst/grp_y26_conv2d_hls_fu_1392/mul_32s_32s_32_2_1_U3381/buff0_reg/B[17:0] is not pipelined. Pipelining DSP48 input will improve performance.
Related violations: <none>

DPIP-2#68 Warning
Input pipelining  
DSP bd_i/y26_conv_top_0/inst/grp_y26_conv2d_hls_fu_1392/mul_32s_32s_32_2_1_U3381/tmp_product input bd_i/y26_conv_top_0/inst/grp_y26_conv2d_hls_fu_1392/mul_32s_32s_32_2_1_U3381/tmp_product/A[29:0] is not pipelined. Pipelining DSP48 input will improve performance.
Related violations: <none>

DPIP-2#69 Warning
Input pipelining  
DSP bd_i/y26_conv_top_0/inst/grp_y26_conv2d_hls_fu_1392/mul_32s_32s_32_2_1_U3381/tmp_product input bd_i/y26_conv_top_0/inst/grp_y26_conv2d_hls_fu_1392/mul_32s_32s_32_2_1_U3381/tmp_product/B[17:0] is not pipelined. Pipelining DSP48 input will improve performance.
Related violations: <none>

DPIP-2#70 Warning
Input pipelining  
DSP bd_i/y26_conv_top_0/inst/grp_y26_conv2d_hls_fu_1392/mul_32s_32s_32_2_1_U3381/tmp_product__0 input bd_i/y26_conv_top_0/inst/grp_y26_conv2d_hls_fu_1392/mul_32s_32s_32_2_1_U3381/tmp_product__0/A[29:0] is not pipelined. Pipelining DSP48 input will improve performance.
Related violations: <none>

DPIP-2#71 Warning
Input pipelining  
DSP bd_i/y26_conv_top_0/inst/grp_y26_conv2d_hls_fu_1392/mul_32s_32s_32_2_1_U3381/tmp_product__0 input bd_i/y26_conv_top_0/inst/grp_y26_conv2d_hls_fu_1392/mul_32s_32s_32_2_1_U3381/tmp_product__0/B[17:0] is not pipelined. Pipelining DSP48 input will improve performance.
Related violations: <none>

DPIP-2#72 Warning
Input pipelining  
DSP bd_i/y26_conv_top_0/inst/grp_y26_conv2d_hls_fu_1392/mul_32s_32s_32_2_1_U3382/buff0_reg input bd_i/y26_conv_top_0/inst/grp_y26_conv2d_hls_fu_1392/mul_32s_32s_32_2_1_U3382/buff0_reg/B[17:0] is not pipelined. Pipelining DSP48 input will improve performance.
Related violations: <none>

DPIP-2#73 Warning
Input pipelining  
DSP bd_i/y26_conv_top_0/inst/grp_y26_conv2d_hls_fu_1392/mul_32s_32s_32_2_1_U3382/tmp_product input bd_i/y26_conv_top_0/inst/grp_y26_conv2d_hls_fu_1392/mul_32s_32s_32_2_1_U3382/tmp_product/A[29:0] is not pipelined. Pipelining DSP48 input will improve performance.
Related violations: <none>

DPIP-2#74 Warning
Input pipelining  
DSP bd_i/y26_conv_top_0/inst/grp_y26_conv2d_hls_fu_1392/mul_32s_32s_32_2_1_U3382/tmp_product input bd_i/y26_conv_top_0/inst/grp_y26_conv2d_hls_fu_1392/mul_32s_32s_32_2_1_U3382/tmp_product/B[17:0] is not pipelined. Pipelining DSP48 input will improve performance.
Related violations: <none>

DPIP-2#75 Warning
Input pipelining  
DSP bd_i/y26_conv_top_0/inst/grp_y26_conv2d_hls_fu_1392/mul_32s_32s_32_2_1_U3382/tmp_product__0 input bd_i/y26_conv_top_0/inst/grp_y26_conv2d_hls_fu_1392/mul_32s_32s_32_2_1_U3382/tmp_product__0/A[29:0] is not pipelined. Pipelining DSP48 input will improve performance.
Related violations: <none>

DPIP-2#76 Warning
Input pipelining  
DSP bd_i/y26_conv_top_0/inst/grp_y26_conv2d_hls_fu_1392/mul_32s_32s_32_2_1_U3382/tmp_product__0 input bd_i/y26_conv_top_0/inst/grp_y26_conv2d_hls_fu_1392/mul_32s_32s_32_2_1_U3382/tmp_product__0/B[17:0] is not pipelined. Pipelining DSP48 input will improve performance.
Related violations: <none>

DPOP-3#1 Warning
PREG Output pipelining  
DSP bd_i/y26_conv_top_0/inst/grp_y26_conv2d_hls_fu_1392/grp_y26_conv2d_hls_Pipeline_VITIS_LOOP_1265_29_fu_8785/add_ln1382_1_fu_22513_p2__0 output bd_i/y26_conv_top_0/inst/grp_y26_conv2d_hls_fu_1392/grp_y26_conv2d_hls_Pipeline_VITIS_LOOP_1265_29_fu_8785/add_ln1382_1_fu_22513_p2__0/P[47:0] is not pipelined (PREG=0). Pipelining the DSP48 output will improve performance and often saves power so it is suggested whenever possible to fully pipeline this function.  If this DSP48 function was inferred, it is suggested to describe an additional register stage after this function.  If the DSP48 was instantiated in the design, it is suggested to set the PREG attribute to 1.
Related violations: <none>

DPOP-3#2 Warning
PREG Output pipelining  
DSP bd_i/y26_conv_top_0/inst/grp_y26_conv2d_hls_fu_1392/grp_y26_conv2d_hls_Pipeline_VITIS_LOOP_1265_29_fu_8785/add_ln1382_340_reg_35113_reg output bd_i/y26_conv_top_0/inst/grp_y26_conv2d_hls_fu_1392/grp_y26_conv2d_hls_Pipeline_VITIS_LOOP_1265_29_fu_8785/add_ln1382_340_reg_35113_reg/P[47:0] is not pipelined (PREG=0). Pipelining the DSP48 output will improve performance and often saves power so it is suggested whenever possible to fully pipeline this function.  If this DSP48 function was inferred, it is suggested to describe an additional register stage after this function.  If the DSP48 was instantiated in the design, it is suggested to set the PREG attribute to 1.
Related violations: <none>

DPOP-3#3 Warning
PREG Output pipelining  
DSP bd_i/y26_conv_top_0/inst/grp_y26_conv2d_hls_fu_1392/grp_y26_conv2d_hls_Pipeline_VITIS_LOOP_1265_29_fu_8785/add_ln1382_402_reg_35123_reg output bd_i/y26_conv_top_0/inst/grp_y26_conv2d_hls_fu_1392/grp_y26_conv2d_hls_Pipeline_VITIS_LOOP_1265_29_fu_8785/add_ln1382_402_reg_35123_reg/P[47:0] is not pipelined (PREG=0). Pipelining the DSP48 output will improve performance and often saves power so it is suggested whenever possible to fully pipeline this function.  If this DSP48 function was inferred, it is suggested to describe an additional register stage after this function.  If the DSP48 was instantiated in the design, it is suggested to set the PREG attribute to 1.
Related violations: <none>

DPOP-3#4 Warning
PREG Output pipelining  
DSP bd_i/y26_conv_top_0/inst/grp_y26_conv2d_hls_fu_1392/grp_y26_conv2d_hls_Pipeline_VITIS_LOOP_1265_29_fu_8785/add_ln1382_4_fu_22548_p2__0 output bd_i/y26_conv_top_0/inst/grp_y26_conv2d_hls_fu_1392/grp_y26_conv2d_hls_Pipeline_VITIS_LOOP_1265_29_fu_8785/add_ln1382_4_fu_22548_p2__0/P[47:0] is not pipelined (PREG=0). Pipelining the DSP48 output will improve performance and often saves power so it is suggested whenever possible to fully pipeline this function.  If this DSP48 function was inferred, it is suggested to describe an additional register stage after this function.  If the DSP48 was instantiated in the design, it is suggested to set the PREG attribute to 1.
Related violations: <none>

DPOP-3#5 Warning
PREG Output pipelining  
DSP bd_i/y26_conv_top_0/inst/grp_y26_conv2d_hls_fu_1392/grp_y26_conv2d_hls_Pipeline_VITIS_LOOP_1265_29_fu_8785/add_ln1382_fu_22478_p2__0 output bd_i/y26_conv_top_0/inst/grp_y26_conv2d_hls_fu_1392/grp_y26_conv2d_hls_Pipeline_VITIS_LOOP_1265_29_fu_8785/add_ln1382_fu_22478_p2__0/P[47:0] is not pipelined (PREG=0). Pipelining the DSP48 output will improve performance and often saves power so it is suggested whenever possible to fully pipeline this function.  If this DSP48 function was inferred, it is suggested to describe an additional register stage after this function.  If the DSP48 was instantiated in the design, it is suggested to set the PREG attribute to 1.
Related violations: <none>

DPOP-3#6 Warning
PREG Output pipelining  
DSP bd_i/y26_conv_top_0/inst/grp_y26_conv2d_hls_fu_1392/grp_y26_conv2d_hls_Pipeline_VITIS_LOOP_1827_38_fu_10021/mul_32s_32s_64_2_1_U2884/tmp_product output bd_i/y26_conv_top_0/inst/grp_y26_conv2d_hls_fu_1392/grp_y26_conv2d_hls_Pipeline_VITIS_LOOP_1827_38_fu_10021/mul_32s_32s_64_2_1_U2884/tmp_product/P[47:0] is not pipelined (PREG=0). Pipelining the DSP48 output will improve performance and often saves power so it is suggested whenever possible to fully pipeline this function.  If this DSP48 function was inferred, it is suggested to describe an additional register stage after this function.  If the DSP48 was instantiated in the design, it is suggested to set the PREG attribute to 1.
Related violations: <none>

DPOP-3#7 Warning
PREG Output pipelining  
DSP bd_i/y26_conv_top_0/inst/grp_y26_conv2d_hls_fu_1392/grp_y26_conv2d_hls_Pipeline_VITIS_LOOP_1827_38_fu_10021/mul_32s_32s_64_2_1_U2884/tmp_product__0 output bd_i/y26_conv_top_0/inst/grp_y26_conv2d_hls_fu_1392/grp_y26_conv2d_hls_Pipeline_VITIS_LOOP_1827_38_fu_10021/mul_32s_32s_64_2_1_U2884/tmp_product__0/P[47:0] is not pipelined (PREG=0). Pipelining the DSP48 output will improve performance and often saves power so it is suggested whenever possible to fully pipeline this function.  If this DSP48 function was inferred, it is suggested to describe an additional register stage after this function.  If the DSP48 was instantiated in the design, it is suggested to set the PREG attribute to 1.
Related violations: <none>

DPOP-3#8 Warning
PREG Output pipelining  
DSP bd_i/y26_conv_top_0/inst/grp_y26_conv2d_hls_fu_1392/grp_y26_conv2d_hls_Pipeline_VITIS_LOOP_1827_38_fu_10021/mul_32s_32s_64_2_1_U2885/tmp_product output bd_i/y26_conv_top_0/inst/grp_y26_conv2d_hls_fu_1392/grp_y26_conv2d_hls_Pipeline_VITIS_LOOP_1827_38_fu_10021/mul_32s_32s_64_2_1_U2885/tmp_product/P[47:0] is not pipelined (PREG=0). Pipelining the DSP48 output will improve performance and often saves power so it is suggested whenever possible to fully pipeline this function.  If this DSP48 function was inferred, it is suggested to describe an additional register stage after this function.  If the DSP48 was instantiated in the design, it is suggested to set the PREG attribute to 1.
Related violations: <none>

DPOP-3#9 Warning
PREG Output pipelining  
DSP bd_i/y26_conv_top_0/inst/grp_y26_conv2d_hls_fu_1392/grp_y26_conv2d_hls_Pipeline_VITIS_LOOP_1827_38_fu_10021/mul_32s_32s_64_2_1_U2885/tmp_product__0 output bd_i/y26_conv_top_0/inst/grp_y26_conv2d_hls_fu_1392/grp_y26_conv2d_hls_Pipeline_VITIS_LOOP_1827_38_fu_10021/mul_32s_32s_64_2_1_U2885/tmp_product__0/P[47:0] is not pipelined (PREG=0). Pipelining the DSP48 output will improve performance and often saves power so it is suggested whenever possible to fully pipeline this function.  If this DSP48 function was inferred, it is suggested to describe an additional register stage after this function.  If the DSP48 was instantiated in the design, it is suggested to set the PREG attribute to 1.
Related violations: <none>

DPOP-3#10 Warning
PREG Output pipelining  
DSP bd_i/y26_conv_top_0/inst/grp_y26_conv2d_hls_fu_1392/grp_y26_conv2d_hls_Pipeline_VITIS_LOOP_1827_38_fu_10021/mul_32s_32s_64_2_1_U2886/tmp_product output bd_i/y26_conv_top_0/inst/grp_y26_conv2d_hls_fu_1392/grp_y26_conv2d_hls_Pipeline_VITIS_LOOP_1827_38_fu_10021/mul_32s_32s_64_2_1_U2886/tmp_product/P[47:0] is not pipelined (PREG=0). Pipelining the DSP48 output will improve performance and often saves power so it is suggested whenever possible to fully pipeline this function.  If this DSP48 function was inferred, it is suggested to describe an additional register stage after this function.  If the DSP48 was instantiated in the design, it is suggested to set the PREG attribute to 1.
Related violations: <none>

DPOP-3#11 Warning
PREG Output pipelining  
DSP bd_i/y26_conv_top_0/inst/grp_y26_conv2d_hls_fu_1392/grp_y26_conv2d_hls_Pipeline_VITIS_LOOP_1827_38_fu_10021/mul_32s_32s_64_2_1_U2886/tmp_product__0 output bd_i/y26_conv_top_0/inst/grp_y26_conv2d_hls_fu_1392/grp_y26_conv2d_hls_Pipeline_VITIS_LOOP_1827_38_fu_10021/mul_32s_32s_64_2_1_U2886/tmp_product__0/P[47:0] is not pipelined (PREG=0). Pipelining the DSP48 output will improve performance and often saves power so it is suggested whenever possible to fully pipeline this function.  If this DSP48 function was inferred, it is suggested to describe an additional register stage after this function.  If the DSP48 was instantiated in the design, it is suggested to set the PREG attribute to 1.
Related violations: <none>

DPOP-3#12 Warning
PREG Output pipelining  
DSP bd_i/y26_conv_top_0/inst/grp_y26_conv2d_hls_fu_1392/grp_y26_conv2d_hls_Pipeline_VITIS_LOOP_1827_38_fu_10021/mul_32s_32s_64_2_1_U2887/tmp_product output bd_i/y26_conv_top_0/inst/grp_y26_conv2d_hls_fu_1392/grp_y26_conv2d_hls_Pipeline_VITIS_LOOP_1827_38_fu_10021/mul_32s_32s_64_2_1_U2887/tmp_product/P[47:0] is not pipelined (PREG=0). Pipelining the DSP48 output will improve performance and often saves power so it is suggested whenever possible to fully pipeline this function.  If this DSP48 function was inferred, it is suggested to describe an additional register stage after this function.  If the DSP48 was instantiated in the design, it is suggested to set the PREG attribute to 1.
Related violations: <none>

DPOP-3#13 Warning
PREG Output pipelining  
DSP bd_i/y26_conv_top_0/inst/grp_y26_conv2d_hls_fu_1392/grp_y26_conv2d_hls_Pipeline_VITIS_LOOP_1827_38_fu_10021/mul_32s_32s_64_2_1_U2887/tmp_product__0 output bd_i/y26_conv_top_0/inst/grp_y26_conv2d_hls_fu_1392/grp_y26_conv2d_hls_Pipeline_VITIS_LOOP_1827_38_fu_10021/mul_32s_32s_64_2_1_U2887/tmp_product__0/P[47:0] is not pipelined (PREG=0). Pipelining the DSP48 output will improve performance and often saves power so it is suggested whenever possible to fully pipeline this function.  If this DSP48 function was inferred, it is suggested to describe an additional register stage after this function.  If the DSP48 was instantiated in the design, it is suggested to set the PREG attribute to 1.
Related violations: <none>

DPOP-3#14 Warning
PREG Output pipelining  
DSP bd_i/y26_conv_top_0/inst/grp_y26_conv2d_hls_fu_1392/grp_y26_conv2d_hls_Pipeline_VITIS_LOOP_1827_38_fu_10021/mul_32s_32s_64_2_1_U2888/tmp_product output bd_i/y26_conv_top_0/inst/grp_y26_conv2d_hls_fu_1392/grp_y26_conv2d_hls_Pipeline_VITIS_LOOP_1827_38_fu_10021/mul_32s_32s_64_2_1_U2888/tmp_product/P[47:0] is not pipelined (PREG=0). Pipelining the DSP48 output will improve performance and often saves power so it is suggested whenever possible to fully pipeline this function.  If this DSP48 function was inferred, it is suggested to describe an additional register stage after this function.  If the DSP48 was instantiated in the design, it is suggested to set the PREG attribute to 1.
Related violations: <none>

DPOP-3#15 Warning
PREG Output pipelining  
DSP bd_i/y26_conv_top_0/inst/grp_y26_conv2d_hls_fu_1392/grp_y26_conv2d_hls_Pipeline_VITIS_LOOP_1827_38_fu_10021/mul_32s_32s_64_2_1_U2888/tmp_product__0 output bd_i/y26_conv_top_0/inst/grp_y26_conv2d_hls_fu_1392/grp_y26_conv2d_hls_Pipeline_VITIS_LOOP_1827_38_fu_10021/mul_32s_32s_64_2_1_U2888/tmp_product__0/P[47:0] is not pipelined (PREG=0). Pipelining the DSP48 output will improve performance and often saves power so it is suggested whenever possible to fully pipeline this function.  If this DSP48 function was inferred, it is suggested to describe an additional register stage after this function.  If the DSP48 was instantiated in the design, it is suggested to set the PREG attribute to 1.
Related violations: <none>

DPOP-3#16 Warning
PREG Output pipelining  
DSP bd_i/y26_conv_top_0/inst/grp_y26_conv2d_hls_fu_1392/grp_y26_conv2d_hls_Pipeline_VITIS_LOOP_1827_38_fu_10021/mul_32s_32s_64_2_1_U2889/tmp_product output bd_i/y26_conv_top_0/inst/grp_y26_conv2d_hls_fu_1392/grp_y26_conv2d_hls_Pipeline_VITIS_LOOP_1827_38_fu_10021/mul_32s_32s_64_2_1_U2889/tmp_product/P[47:0] is not pipelined (PREG=0). Pipelining the DSP48 output will improve performance and often saves power so it is suggested whenever possible to fully pipeline this function.  If this DSP48 function was inferred, it is suggested to describe an additional register stage after this function.  If the DSP48 was instantiated in the design, it is suggested to set the PREG attribute to 1.
Related violations: <none>

DPOP-3#17 Warning
PREG Output pipelining  
DSP bd_i/y26_conv_top_0/inst/grp_y26_conv2d_hls_fu_1392/grp_y26_conv2d_hls_Pipeline_VITIS_LOOP_1827_38_fu_10021/mul_32s_32s_64_2_1_U2889/tmp_product__0 output bd_i/y26_conv_top_0/inst/grp_y26_conv2d_hls_fu_1392/grp_y26_conv2d_hls_Pipeline_VITIS_LOOP_1827_38_fu_10021/mul_32s_32s_64_2_1_U2889/tmp_product__0/P[47:0] is not pipelined (PREG=0). Pipelining the DSP48 output will improve performance and often saves power so it is suggested whenever possible to fully pipeline this function.  If this DSP48 function was inferred, it is suggested to describe an additional register stage after this function.  If the DSP48 was instantiated in the design, it is suggested to set the PREG attribute to 1.
Related violations: <none>

DPOP-3#18 Warning
PREG Output pipelining  
DSP bd_i/y26_conv_top_0/inst/grp_y26_conv2d_hls_fu_1392/grp_y26_conv2d_hls_Pipeline_VITIS_LOOP_1827_38_fu_10021/mul_32s_32s_64_2_1_U2890/tmp_product output bd_i/y26_conv_top_0/inst/grp_y26_conv2d_hls_fu_1392/grp_y26_conv2d_hls_Pipeline_VITIS_LOOP_1827_38_fu_10021/mul_32s_32s_64_2_1_U2890/tmp_product/P[47:0] is not pipelined (PREG=0). Pipelining the DSP48 output will improve performance and often saves power so it is suggested whenever possible to fully pipeline this function.  If this DSP48 function was inferred, it is suggested to describe an additional register stage after this function.  If the DSP48 was instantiated in the design, it is suggested to set the PREG attribute to 1.
Related violations: <none>

DPOP-3#19 Warning
PREG Output pipelining  
DSP bd_i/y26_conv_top_0/inst/grp_y26_conv2d_hls_fu_1392/grp_y26_conv2d_hls_Pipeline_VITIS_LOOP_1827_38_fu_10021/mul_32s_32s_64_2_1_U2890/tmp_product__0 output bd_i/y26_conv_top_0/inst/grp_y26_conv2d_hls_fu_1392/grp_y26_conv2d_hls_Pipeline_VITIS_LOOP_1827_38_fu_10021/mul_32s_32s_64_2_1_U2890/tmp_product__0/P[47:0] is not pipelined (PREG=0). Pipelining the DSP48 output will improve performance and often saves power so it is suggested whenever possible to fully pipeline this function.  If this DSP48 function was inferred, it is suggested to describe an additional register stage after this function.  If the DSP48 was instantiated in the design, it is suggested to set the PREG attribute to 1.
Related violations: <none>

DPOP-3#20 Warning
PREG Output pipelining  
DSP bd_i/y26_conv_top_0/inst/grp_y26_conv2d_hls_fu_1392/grp_y26_conv2d_hls_Pipeline_VITIS_LOOP_1827_38_fu_10021/mul_32s_32s_64_2_1_U2891/tmp_product output bd_i/y26_conv_top_0/inst/grp_y26_conv2d_hls_fu_1392/grp_y26_conv2d_hls_Pipeline_VITIS_LOOP_1827_38_fu_10021/mul_32s_32s_64_2_1_U2891/tmp_product/P[47:0] is not pipelined (PREG=0). Pipelining the DSP48 output will improve performance and often saves power so it is suggested whenever possible to fully pipeline this function.  If this DSP48 function was inferred, it is suggested to describe an additional register stage after this function.  If the DSP48 was instantiated in the design, it is suggested to set the PREG attribute to 1.
Related violations: <none>

DPOP-3#21 Warning
PREG Output pipelining  
DSP bd_i/y26_conv_top_0/inst/grp_y26_conv2d_hls_fu_1392/grp_y26_conv2d_hls_Pipeline_VITIS_LOOP_1827_38_fu_10021/mul_32s_32s_64_2_1_U2891/tmp_product__0 output bd_i/y26_conv_top_0/inst/grp_y26_conv2d_hls_fu_1392/grp_y26_conv2d_hls_Pipeline_VITIS_LOOP_1827_38_fu_10021/mul_32s_32s_64_2_1_U2891/tmp_product__0/P[47:0] is not pipelined (PREG=0). Pipelining the DSP48 output will improve performance and often saves power so it is suggested whenever possible to fully pipeline this function.  If this DSP48 function was inferred, it is suggested to describe an additional register stage after this function.  If the DSP48 was instantiated in the design, it is suggested to set the PREG attribute to 1.
Related violations: <none>

DPOP-3#22 Warning
PREG Output pipelining  
DSP bd_i/y26_conv_top_0/inst/grp_y26_conv2d_hls_fu_1392/grp_y26_conv2d_hls_Pipeline_VITIS_LOOP_1827_38_fu_10021/mul_32s_32s_64_2_1_U2892/tmp_product output bd_i/y26_conv_top_0/inst/grp_y26_conv2d_hls_fu_1392/grp_y26_conv2d_hls_Pipeline_VITIS_LOOP_1827_38_fu_10021/mul_32s_32s_64_2_1_U2892/tmp_product/P[47:0] is not pipelined (PREG=0). Pipelining the DSP48 output will improve performance and often saves power so it is suggested whenever possible to fully pipeline this function.  If this DSP48 function was inferred, it is suggested to describe an additional register stage after this function.  If the DSP48 was instantiated in the design, it is suggested to set the PREG attribute to 1.
Related violations: <none>

DPOP-3#23 Warning
PREG Output pipelining  
DSP bd_i/y26_conv_top_0/inst/grp_y26_conv2d_hls_fu_1392/grp_y26_conv2d_hls_Pipeline_VITIS_LOOP_1827_38_fu_10021/mul_32s_32s_64_2_1_U2892/tmp_product__0 output bd_i/y26_conv_top_0/inst/grp_y26_conv2d_hls_fu_1392/grp_y26_conv2d_hls_Pipeline_VITIS_LOOP_1827_38_fu_10021/mul_32s_32s_64_2_1_U2892/tmp_product__0/P[47:0] is not pipelined (PREG=0). Pipelining the DSP48 output will improve performance and often saves power so it is suggested whenever possible to fully pipeline this function.  If this DSP48 function was inferred, it is suggested to describe an additional register stage after this function.  If the DSP48 was instantiated in the design, it is suggested to set the PREG attribute to 1.
Related violations: <none>

DPOP-3#24 Warning
PREG Output pipelining  
DSP bd_i/y26_conv_top_0/inst/grp_y26_conv2d_hls_fu_1392/grp_y26_conv2d_hls_Pipeline_VITIS_LOOP_1827_38_fu_10021/mul_32s_32s_64_2_1_U2893/tmp_product output bd_i/y26_conv_top_0/inst/grp_y26_conv2d_hls_fu_1392/grp_y26_conv2d_hls_Pipeline_VITIS_LOOP_1827_38_fu_10021/mul_32s_32s_64_2_1_U2893/tmp_product/P[47:0] is not pipelined (PREG=0). Pipelining the DSP48 output will improve performance and often saves power so it is suggested whenever possible to fully pipeline this function.  If this DSP48 function was inferred, it is suggested to describe an additional register stage after this function.  If the DSP48 was instantiated in the design, it is suggested to set the PREG attribute to 1.
Related violations: <none>

DPOP-3#25 Warning
PREG Output pipelining  
DSP bd_i/y26_conv_top_0/inst/grp_y26_conv2d_hls_fu_1392/grp_y26_conv2d_hls_Pipeline_VITIS_LOOP_1827_38_fu_10021/mul_32s_32s_64_2_1_U2893/tmp_product__0 output bd_i/y26_conv_top_0/inst/grp_y26_conv2d_hls_fu_1392/grp_y26_conv2d_hls_Pipeline_VITIS_LOOP_1827_38_fu_10021/mul_32s_32s_64_2_1_U2893/tmp_product__0/P[47:0] is not pipelined (PREG=0). Pipelining the DSP48 output will improve performance and often saves power so it is suggested whenever possible to fully pipeline this function.  If this DSP48 function was inferred, it is suggested to describe an additional register stage after this function.  If the DSP48 was instantiated in the design, it is suggested to set the PREG attribute to 1.
Related violations: <none>

DPOP-3#26 Warning
PREG Output pipelining  
DSP bd_i/y26_conv_top_0/inst/grp_y26_conv2d_hls_fu_1392/grp_y26_conv2d_hls_Pipeline_VITIS_LOOP_1827_38_fu_10021/mul_32s_32s_64_2_1_U2894/tmp_product output bd_i/y26_conv_top_0/inst/grp_y26_conv2d_hls_fu_1392/grp_y26_conv2d_hls_Pipeline_VITIS_LOOP_1827_38_fu_10021/mul_32s_32s_64_2_1_U2894/tmp_product/P[47:0] is not pipelined (PREG=0). Pipelining the DSP48 output will improve performance and often saves power so it is suggested whenever possible to fully pipeline this function.  If this DSP48 function was inferred, it is suggested to describe an additional register stage after this function.  If the DSP48 was instantiated in the design, it is suggested to set the PREG attribute to 1.
Related violations: <none>

DPOP-3#27 Warning
PREG Output pipelining  
DSP bd_i/y26_conv_top_0/inst/grp_y26_conv2d_hls_fu_1392/grp_y26_conv2d_hls_Pipeline_VITIS_LOOP_1827_38_fu_10021/mul_32s_32s_64_2_1_U2894/tmp_product__0 output bd_i/y26_conv_top_0/inst/grp_y26_conv2d_hls_fu_1392/grp_y26_conv2d_hls_Pipeline_VITIS_LOOP_1827_38_fu_10021/mul_32s_32s_64_2_1_U2894/tmp_product__0/P[47:0] is not pipelined (PREG=0). Pipelining the DSP48 output will improve performance and often saves power so it is suggested whenever possible to fully pipeline this function.  If this DSP48 function was inferred, it is suggested to describe an additional register stage after this function.  If the DSP48 was instantiated in the design, it is suggested to set the PREG attribute to 1.
Related violations: <none>

DPOP-3#28 Warning
PREG Output pipelining  
DSP bd_i/y26_conv_top_0/inst/grp_y26_conv2d_hls_fu_1392/grp_y26_conv2d_hls_Pipeline_VITIS_LOOP_1827_38_fu_10021/mul_32s_32s_64_2_1_U2895/tmp_product output bd_i/y26_conv_top_0/inst/grp_y26_conv2d_hls_fu_1392/grp_y26_conv2d_hls_Pipeline_VITIS_LOOP_1827_38_fu_10021/mul_32s_32s_64_2_1_U2895/tmp_product/P[47:0] is not pipelined (PREG=0). Pipelining the DSP48 output will improve performance and often saves power so it is suggested whenever possible to fully pipeline this function.  If this DSP48 function was inferred, it is suggested to describe an additional register stage after this function.  If the DSP48 was instantiated in the design, it is suggested to set the PREG attribute to 1.
Related violations: <none>

DPOP-3#29 Warning
PREG Output pipelining  
DSP bd_i/y26_conv_top_0/inst/grp_y26_conv2d_hls_fu_1392/grp_y26_conv2d_hls_Pipeline_VITIS_LOOP_1827_38_fu_10021/mul_32s_32s_64_2_1_U2895/tmp_product__0 output bd_i/y26_conv_top_0/inst/grp_y26_conv2d_hls_fu_1392/grp_y26_conv2d_hls_Pipeline_VITIS_LOOP_1827_38_fu_10021/mul_32s_32s_64_2_1_U2895/tmp_product__0/P[47:0] is not pipelined (PREG=0). Pipelining the DSP48 output will improve performance and often saves power so it is suggested whenever possible to fully pipeline this function.  If this DSP48 function was inferred, it is suggested to describe an additional register stage after this function.  If the DSP48 was instantiated in the design, it is suggested to set the PREG attribute to 1.
Related violations: <none>

DPOP-3#30 Warning
PREG Output pipelining  
DSP bd_i/y26_conv_top_0/inst/grp_y26_conv2d_hls_fu_1392/grp_y26_conv2d_hls_Pipeline_VITIS_LOOP_1827_38_fu_10021/mul_32s_32s_64_2_1_U2896/tmp_product output bd_i/y26_conv_top_0/inst/grp_y26_conv2d_hls_fu_1392/grp_y26_conv2d_hls_Pipeline_VITIS_LOOP_1827_38_fu_10021/mul_32s_32s_64_2_1_U2896/tmp_product/P[47:0] is not pipelined (PREG=0). Pipelining the DSP48 output will improve performance and often saves power so it is suggested whenever possible to fully pipeline this function.  If this DSP48 function was inferred, it is suggested to describe an additional register stage after this function.  If the DSP48 was instantiated in the design, it is suggested to set the PREG attribute to 1.
Related violations: <none>

DPOP-3#31 Warning
PREG Output pipelining  
DSP bd_i/y26_conv_top_0/inst/grp_y26_conv2d_hls_fu_1392/grp_y26_conv2d_hls_Pipeline_VITIS_LOOP_1827_38_fu_10021/mul_32s_32s_64_2_1_U2896/tmp_product__0 output bd_i/y26_conv_top_0/inst/grp_y26_conv2d_hls_fu_1392/grp_y26_conv2d_hls_Pipeline_VITIS_LOOP_1827_38_fu_10021/mul_32s_32s_64_2_1_U2896/tmp_product__0/P[47:0] is not pipelined (PREG=0). Pipelining the DSP48 output will improve performance and often saves power so it is suggested whenever possible to fully pipeline this function.  If this DSP48 function was inferred, it is suggested to describe an additional register stage after this function.  If the DSP48 was instantiated in the design, it is suggested to set the PREG attribute to 1.
Related violations: <none>

DPOP-3#32 Warning
PREG Output pipelining  
DSP bd_i/y26_conv_top_0/inst/grp_y26_conv2d_hls_fu_1392/grp_y26_conv2d_hls_Pipeline_VITIS_LOOP_1827_38_fu_10021/mul_32s_32s_64_2_1_U2897/tmp_product output bd_i/y26_conv_top_0/inst/grp_y26_conv2d_hls_fu_1392/grp_y26_conv2d_hls_Pipeline_VITIS_LOOP_1827_38_fu_10021/mul_32s_32s_64_2_1_U2897/tmp_product/P[47:0] is not pipelined (PREG=0). Pipelining the DSP48 output will improve performance and often saves power so it is suggested whenever possible to fully pipeline this function.  If this DSP48 function was inferred, it is suggested to describe an additional register stage after this function.  If the DSP48 was instantiated in the design, it is suggested to set the PREG attribute to 1.
Related violations: <none>

DPOP-3#33 Warning
PREG Output pipelining  
DSP bd_i/y26_conv_top_0/inst/grp_y26_conv2d_hls_fu_1392/grp_y26_conv2d_hls_Pipeline_VITIS_LOOP_1827_38_fu_10021/mul_32s_32s_64_2_1_U2897/tmp_product__0 output bd_i/y26_conv_top_0/inst/grp_y26_conv2d_hls_fu_1392/grp_y26_conv2d_hls_Pipeline_VITIS_LOOP_1827_38_fu_10021/mul_32s_32s_64_2_1_U2897/tmp_product__0/P[47:0] is not pipelined (PREG=0). Pipelining the DSP48 output will improve performance and often saves power so it is suggested whenever possible to fully pipeline this function.  If this DSP48 function was inferred, it is suggested to describe an additional register stage after this function.  If the DSP48 was instantiated in the design, it is suggested to set the PREG attribute to 1.
Related violations: <none>

DPOP-3#34 Warning
PREG Output pipelining  
DSP bd_i/y26_conv_top_0/inst/grp_y26_conv2d_hls_fu_1392/grp_y26_conv2d_hls_Pipeline_VITIS_LOOP_1827_38_fu_10021/mul_32s_32s_64_2_1_U2898/tmp_product output bd_i/y26_conv_top_0/inst/grp_y26_conv2d_hls_fu_1392/grp_y26_conv2d_hls_Pipeline_VITIS_LOOP_1827_38_fu_10021/mul_32s_32s_64_2_1_U2898/tmp_product/P[47:0] is not pipelined (PREG=0). Pipelining the DSP48 output will improve performance and often saves power so it is suggested whenever possible to fully pipeline this function.  If this DSP48 function was inferred, it is suggested to describe an additional register stage after this function.  If the DSP48 was instantiated in the design, it is suggested to set the PREG attribute to 1.
Related violations: <none>

DPOP-3#35 Warning
PREG Output pipelining  
DSP bd_i/y26_conv_top_0/inst/grp_y26_conv2d_hls_fu_1392/grp_y26_conv2d_hls_Pipeline_VITIS_LOOP_1827_38_fu_10021/mul_32s_32s_64_2_1_U2898/tmp_product__0 output bd_i/y26_conv_top_0/inst/grp_y26_conv2d_hls_fu_1392/grp_y26_conv2d_hls_Pipeline_VITIS_LOOP_1827_38_fu_10021/mul_32s_32s_64_2_1_U2898/tmp_product__0/P[47:0] is not pipelined (PREG=0). Pipelining the DSP48 output will improve performance and often saves power so it is suggested whenever possible to fully pipeline this function.  If this DSP48 function was inferred, it is suggested to describe an additional register stage after this function.  If the DSP48 was instantiated in the design, it is suggested to set the PREG attribute to 1.
Related violations: <none>

DPOP-3#36 Warning
PREG Output pipelining  
DSP bd_i/y26_conv_top_0/inst/grp_y26_conv2d_hls_fu_1392/grp_y26_conv2d_hls_Pipeline_VITIS_LOOP_1827_38_fu_10021/mul_32s_32s_64_2_1_U2899/tmp_product output bd_i/y26_conv_top_0/inst/grp_y26_conv2d_hls_fu_1392/grp_y26_conv2d_hls_Pipeline_VITIS_LOOP_1827_38_fu_10021/mul_32s_32s_64_2_1_U2899/tmp_product/P[47:0] is not pipelined (PREG=0). Pipelining the DSP48 output will improve performance and often saves power so it is suggested whenever possible to fully pipeline this function.  If this DSP48 function was inferred, it is suggested to describe an additional register stage after this function.  If the DSP48 was instantiated in the design, it is suggested to set the PREG attribute to 1.
Related violations: <none>

DPOP-3#37 Warning
PREG Output pipelining  
DSP bd_i/y26_conv_top_0/inst/grp_y26_conv2d_hls_fu_1392/grp_y26_conv2d_hls_Pipeline_VITIS_LOOP_1827_38_fu_10021/mul_32s_32s_64_2_1_U2899/tmp_product__0 output bd_i/y26_conv_top_0/inst/grp_y26_conv2d_hls_fu_1392/grp_y26_conv2d_hls_Pipeline_VITIS_LOOP_1827_38_fu_10021/mul_32s_32s_64_2_1_U2899/tmp_product__0/P[47:0] is not pipelined (PREG=0). Pipelining the DSP48 output will improve performance and often saves power so it is suggested whenever possible to fully pipeline this function.  If this DSP48 function was inferred, it is suggested to describe an additional register stage after this function.  If the DSP48 was instantiated in the design, it is suggested to set the PREG attribute to 1.
Related violations: <none>

DPOP-3#38 Warning
PREG Output pipelining  
DSP bd_i/y26_conv_top_0/inst/grp_y26_conv2d_hls_fu_1392/grp_y26_conv2d_hls_Pipeline_VITIS_LOOP_1827_38_fu_10021/mul_48s_32s_80_3_1_U2900/tmp_product output bd_i/y26_conv_top_0/inst/grp_y26_conv2d_hls_fu_1392/grp_y26_conv2d_hls_Pipeline_VITIS_LOOP_1827_38_fu_10021/mul_48s_32s_80_3_1_U2900/tmp_product/P[47:0] is not pipelined (PREG=0). Pipelining the DSP48 output will improve performance and often saves power so it is suggested whenever possible to fully pipeline this function.  If this DSP48 function was inferred, it is suggested to describe an additional register stage after this function.  If the DSP48 was instantiated in the design, it is suggested to set the PREG attribute to 1.
Related violations: <none>

DPOP-3#39 Warning
PREG Output pipelining  
DSP bd_i/y26_conv_top_0/inst/grp_y26_conv2d_hls_fu_1392/grp_y26_conv2d_hls_Pipeline_VITIS_LOOP_1827_38_fu_10021/mul_48s_32s_80_3_1_U2900/tmp_product__0 output bd_i/y26_conv_top_0/inst/grp_y26_conv2d_hls_fu_1392/grp_y26_conv2d_hls_Pipeline_VITIS_LOOP_1827_38_fu_10021/mul_48s_32s_80_3_1_U2900/tmp_product__0/P[47:0] is not pipelined (PREG=0). Pipelining the DSP48 output will improve performance and often saves power so it is suggested whenever possible to fully pipeline this function.  If this DSP48 function was inferred, it is suggested to describe an additional register stage after this function.  If the DSP48 was instantiated in the design, it is suggested to set the PREG attribute to 1.
Related violations: <none>

DPOP-3#40 Warning
PREG Output pipelining  
DSP bd_i/y26_conv_top_0/inst/grp_y26_conv2d_hls_fu_1392/grp_y26_conv2d_hls_Pipeline_VITIS_LOOP_1827_38_fu_10021/mul_48s_32s_80_3_1_U2900/tmp_product__1 output bd_i/y26_conv_top_0/inst/grp_y26_conv2d_hls_fu_1392/grp_y26_conv2d_hls_Pipeline_VITIS_LOOP_1827_38_fu_10021/mul_48s_32s_80_3_1_U2900/tmp_product__1/P[47:0] is not pipelined (PREG=0). Pipelining the DSP48 output will improve performance and often saves power so it is suggested whenever possible to fully pipeline this function.  If this DSP48 function was inferred, it is suggested to describe an additional register stage after this function.  If the DSP48 was instantiated in the design, it is suggested to set the PREG attribute to 1.
Related violations: <none>

DPOP-3#41 Warning
PREG Output pipelining  
DSP bd_i/y26_conv_top_0/inst/grp_y26_conv2d_hls_fu_1392/grp_y26_conv2d_hls_Pipeline_VITIS_LOOP_1827_38_fu_10021/mul_48s_32s_80_3_1_U2901/tmp_product output bd_i/y26_conv_top_0/inst/grp_y26_conv2d_hls_fu_1392/grp_y26_conv2d_hls_Pipeline_VITIS_LOOP_1827_38_fu_10021/mul_48s_32s_80_3_1_U2901/tmp_product/P[47:0] is not pipelined (PREG=0). Pipelining the DSP48 output will improve performance and often saves power so it is suggested whenever possible to fully pipeline this function.  If this DSP48 function was inferred, it is suggested to describe an additional register stage after this function.  If the DSP48 was instantiated in the design, it is suggested to set the PREG attribute to 1.
Related violations: <none>

DPOP-3#42 Warning
PREG Output pipelining  
DSP bd_i/y26_conv_top_0/inst/grp_y26_conv2d_hls_fu_1392/grp_y26_conv2d_hls_Pipeline_VITIS_LOOP_1827_38_fu_10021/mul_48s_32s_80_3_1_U2901/tmp_product__0 output bd_i/y26_conv_top_0/inst/grp_y26_conv2d_hls_fu_1392/grp_y26_conv2d_hls_Pipeline_VITIS_LOOP_1827_38_fu_10021/mul_48s_32s_80_3_1_U2901/tmp_product__0/P[47:0] is not pipelined (PREG=0). Pipelining the DSP48 output will improve performance and often saves power so it is suggested whenever possible to fully pipeline this function.  If this DSP48 function was inferred, it is suggested to describe an additional register stage after this function.  If the DSP48 was instantiated in the design, it is suggested to set the PREG attribute to 1.
Related violations: <none>

DPOP-3#43 Warning
PREG Output pipelining  
DSP bd_i/y26_conv_top_0/inst/grp_y26_conv2d_hls_fu_1392/grp_y26_conv2d_hls_Pipeline_VITIS_LOOP_1827_38_fu_10021/mul_48s_32s_80_3_1_U2901/tmp_product__1 output bd_i/y26_conv_top_0/inst/grp_y26_conv2d_hls_fu_1392/grp_y26_conv2d_hls_Pipeline_VITIS_LOOP_1827_38_fu_10021/mul_48s_32s_80_3_1_U2901/tmp_product__1/P[47:0] is not pipelined (PREG=0). Pipelining the DSP48 output will improve performance and often saves power so it is suggested whenever possible to fully pipeline this function.  If this DSP48 function was inferred, it is suggested to describe an additional register stage after this function.  If the DSP48 was instantiated in the design, it is suggested to set the PREG attribute to 1.
Related violations: <none>

DPOP-3#44 Warning
PREG Output pipelining  
DSP bd_i/y26_conv_top_0/inst/grp_y26_conv2d_hls_fu_1392/grp_y26_conv2d_hls_Pipeline_VITIS_LOOP_1827_38_fu_10021/mul_48s_32s_80_3_1_U2902/tmp_product output bd_i/y26_conv_top_0/inst/grp_y26_conv2d_hls_fu_1392/grp_y26_conv2d_hls_Pipeline_VITIS_LOOP_1827_38_fu_10021/mul_48s_32s_80_3_1_U2902/tmp_product/P[47:0] is not pipelined (PREG=0). Pipelining the DSP48 output will improve performance and often saves power so it is suggested whenever possible to fully pipeline this function.  If this DSP48 function was inferred, it is suggested to describe an additional register stage after this function.  If the DSP48 was instantiated in the design, it is suggested to set the PREG attribute to 1.
Related violations: <none>

DPOP-3#45 Warning
PREG Output pipelining  
DSP bd_i/y26_conv_top_0/inst/grp_y26_conv2d_hls_fu_1392/grp_y26_conv2d_hls_Pipeline_VITIS_LOOP_1827_38_fu_10021/mul_48s_32s_80_3_1_U2902/tmp_product__0 output bd_i/y26_conv_top_0/inst/grp_y26_conv2d_hls_fu_1392/grp_y26_conv2d_hls_Pipeline_VITIS_LOOP_1827_38_fu_10021/mul_48s_32s_80_3_1_U2902/tmp_product__0/P[47:0] is not pipelined (PREG=0). Pipelining the DSP48 output will improve performance and often saves power so it is suggested whenever possible to fully pipeline this function.  If this DSP48 function was inferred, it is suggested to describe an additional register stage after this function.  If the DSP48 was instantiated in the design, it is suggested to set the PREG attribute to 1.
Related violations: <none>

DPOP-3#46 Warning
PREG Output pipelining  
DSP bd_i/y26_conv_top_0/inst/grp_y26_conv2d_hls_fu_1392/grp_y26_conv2d_hls_Pipeline_VITIS_LOOP_1827_38_fu_10021/mul_48s_32s_80_3_1_U2902/tmp_product__1 output bd_i/y26_conv_top_0/inst/grp_y26_conv2d_hls_fu_1392/grp_y26_conv2d_hls_Pipeline_VITIS_LOOP_1827_38_fu_10021/mul_48s_32s_80_3_1_U2902/tmp_product__1/P[47:0] is not pipelined (PREG=0). Pipelining the DSP48 output will improve performance and often saves power so it is suggested whenever possible to fully pipeline this function.  If this DSP48 function was inferred, it is suggested to describe an additional register stage after this function.  If the DSP48 was instantiated in the design, it is suggested to set the PREG attribute to 1.
Related violations: <none>

DPOP-3#47 Warning
PREG Output pipelining  
DSP bd_i/y26_conv_top_0/inst/grp_y26_conv2d_hls_fu_1392/grp_y26_conv2d_hls_Pipeline_VITIS_LOOP_1827_38_fu_10021/mul_48s_32s_80_3_1_U2903/tmp_product output bd_i/y26_conv_top_0/inst/grp_y26_conv2d_hls_fu_1392/grp_y26_conv2d_hls_Pipeline_VITIS_LOOP_1827_38_fu_10021/mul_48s_32s_80_3_1_U2903/tmp_product/P[47:0] is not pipelined (PREG=0). Pipelining the DSP48 output will improve performance and often saves power so it is suggested whenever possible to fully pipeline this function.  If this DSP48 function was inferred, it is suggested to describe an additional register stage after this function.  If the DSP48 was instantiated in the design, it is suggested to set the PREG attribute to 1.
Related violations: <none>

DPOP-3#48 Warning
PREG Output pipelining  
DSP bd_i/y26_conv_top_0/inst/grp_y26_conv2d_hls_fu_1392/grp_y26_conv2d_hls_Pipeline_VITIS_LOOP_1827_38_fu_10021/mul_48s_32s_80_3_1_U2903/tmp_product__0 output bd_i/y26_conv_top_0/inst/grp_y26_conv2d_hls_fu_1392/grp_y26_conv2d_hls_Pipeline_VITIS_LOOP_1827_38_fu_10021/mul_48s_32s_80_3_1_U2903/tmp_product__0/P[47:0] is not pipelined (PREG=0). Pipelining the DSP48 output will improve performance and often saves power so it is suggested whenever possible to fully pipeline this function.  If this DSP48 function was inferred, it is suggested to describe an additional register stage after this function.  If the DSP48 was instantiated in the design, it is suggested to set the PREG attribute to 1.
Related violations: <none>

DPOP-3#49 Warning
PREG Output pipelining  
DSP bd_i/y26_conv_top_0/inst/grp_y26_conv2d_hls_fu_1392/grp_y26_conv2d_hls_Pipeline_VITIS_LOOP_1827_38_fu_10021/mul_48s_32s_80_3_1_U2903/tmp_product__1 output bd_i/y26_conv_top_0/inst/grp_y26_conv2d_hls_fu_1392/grp_y26_conv2d_hls_Pipeline_VITIS_LOOP_1827_38_fu_10021/mul_48s_32s_80_3_1_U2903/tmp_product__1/P[47:0] is not pipelined (PREG=0). Pipelining the DSP48 output will improve performance and often saves power so it is suggested whenever possible to fully pipeline this function.  If this DSP48 function was inferred, it is suggested to describe an additional register stage after this function.  If the DSP48 was instantiated in the design, it is suggested to set the PREG attribute to 1.
Related violations: <none>

DPOP-3#50 Warning
PREG Output pipelining  
DSP bd_i/y26_conv_top_0/inst/grp_y26_conv2d_hls_fu_1392/grp_y26_conv2d_hls_Pipeline_VITIS_LOOP_1827_38_fu_10021/mul_48s_32s_80_3_1_U2904/tmp_product output bd_i/y26_conv_top_0/inst/grp_y26_conv2d_hls_fu_1392/grp_y26_conv2d_hls_Pipeline_VITIS_LOOP_1827_38_fu_10021/mul_48s_32s_80_3_1_U2904/tmp_product/P[47:0] is not pipelined (PREG=0). Pipelining the DSP48 output will improve performance and often saves power so it is suggested whenever possible to fully pipeline this function.  If this DSP48 function was inferred, it is suggested to describe an additional register stage after this function.  If the DSP48 was instantiated in the design, it is suggested to set the PREG attribute to 1.
Related violations: <none>

DPOP-3#51 Warning
PREG Output pipelining  
DSP bd_i/y26_conv_top_0/inst/grp_y26_conv2d_hls_fu_1392/grp_y26_conv2d_hls_Pipeline_VITIS_LOOP_1827_38_fu_10021/mul_48s_32s_80_3_1_U2904/tmp_product__0 output bd_i/y26_conv_top_0/inst/grp_y26_conv2d_hls_fu_1392/grp_y26_conv2d_hls_Pipeline_VITIS_LOOP_1827_38_fu_10021/mul_48s_32s_80_3_1_U2904/tmp_product__0/P[47:0] is not pipelined (PREG=0). Pipelining the DSP48 output will improve performance and often saves power so it is suggested whenever possible to fully pipeline this function.  If this DSP48 function was inferred, it is suggested to describe an additional register stage after this function.  If the DSP48 was instantiated in the design, it is suggested to set the PREG attribute to 1.
Related violations: <none>

DPOP-3#52 Warning
PREG Output pipelining  
DSP bd_i/y26_conv_top_0/inst/grp_y26_conv2d_hls_fu_1392/grp_y26_conv2d_hls_Pipeline_VITIS_LOOP_1827_38_fu_10021/mul_48s_32s_80_3_1_U2904/tmp_product__1 output bd_i/y26_conv_top_0/inst/grp_y26_conv2d_hls_fu_1392/grp_y26_conv2d_hls_Pipeline_VITIS_LOOP_1827_38_fu_10021/mul_48s_32s_80_3_1_U2904/tmp_product__1/P[47:0] is not pipelined (PREG=0). Pipelining the DSP48 output will improve performance and often saves power so it is suggested whenever possible to fully pipeline this function.  If this DSP48 function was inferred, it is suggested to describe an additional register stage after this function.  If the DSP48 was instantiated in the design, it is suggested to set the PREG attribute to 1.
Related violations: <none>

DPOP-3#53 Warning
PREG Output pipelining  
DSP bd_i/y26_conv_top_0/inst/grp_y26_conv2d_hls_fu_1392/grp_y26_conv2d_hls_Pipeline_VITIS_LOOP_1827_38_fu_10021/mul_48s_32s_80_3_1_U2905/tmp_product output bd_i/y26_conv_top_0/inst/grp_y26_conv2d_hls_fu_1392/grp_y26_conv2d_hls_Pipeline_VITIS_LOOP_1827_38_fu_10021/mul_48s_32s_80_3_1_U2905/tmp_product/P[47:0] is not pipelined (PREG=0). Pipelining the DSP48 output will improve performance and often saves power so it is suggested whenever possible to fully pipeline this function.  If this DSP48 function was inferred, it is suggested to describe an additional register stage after this function.  If the DSP48 was instantiated in the design, it is suggested to set the PREG attribute to 1.
Related violations: <none>

DPOP-3#54 Warning
PREG Output pipelining  
DSP bd_i/y26_conv_top_0/inst/grp_y26_conv2d_hls_fu_1392/grp_y26_conv2d_hls_Pipeline_VITIS_LOOP_1827_38_fu_10021/mul_48s_32s_80_3_1_U2905/tmp_product__0 output bd_i/y26_conv_top_0/inst/grp_y26_conv2d_hls_fu_1392/grp_y26_conv2d_hls_Pipeline_VITIS_LOOP_1827_38_fu_10021/mul_48s_32s_80_3_1_U2905/tmp_product__0/P[47:0] is not pipelined (PREG=0). Pipelining the DSP48 output will improve performance and often saves power so it is suggested whenever possible to fully pipeline this function.  If this DSP48 function was inferred, it is suggested to describe an additional register stage after this function.  If the DSP48 was instantiated in the design, it is suggested to set the PREG attribute to 1.
Related violations: <none>

DPOP-3#55 Warning
PREG Output pipelining  
DSP bd_i/y26_conv_top_0/inst/grp_y26_conv2d_hls_fu_1392/grp_y26_conv2d_hls_Pipeline_VITIS_LOOP_1827_38_fu_10021/mul_48s_32s_80_3_1_U2905/tmp_product__1 output bd_i/y26_conv_top_0/inst/grp_y26_conv2d_hls_fu_1392/grp_y26_conv2d_hls_Pipeline_VITIS_LOOP_1827_38_fu_10021/mul_48s_32s_80_3_1_U2905/tmp_product__1/P[47:0] is not pipelined (PREG=0). Pipelining the DSP48 output will improve performance and often saves power so it is suggested whenever possible to fully pipeline this function.  If this DSP48 function was inferred, it is suggested to describe an additional register stage after this function.  If the DSP48 was instantiated in the design, it is suggested to set the PREG attribute to 1.
Related violations: <none>

DPOP-3#56 Warning
PREG Output pipelining  
DSP bd_i/y26_conv_top_0/inst/grp_y26_conv2d_hls_fu_1392/grp_y26_conv2d_hls_Pipeline_VITIS_LOOP_1827_38_fu_10021/mul_48s_32s_80_3_1_U2906/tmp_product output bd_i/y26_conv_top_0/inst/grp_y26_conv2d_hls_fu_1392/grp_y26_conv2d_hls_Pipeline_VITIS_LOOP_1827_38_fu_10021/mul_48s_32s_80_3_1_U2906/tmp_product/P[47:0] is not pipelined (PREG=0). Pipelining the DSP48 output will improve performance and often saves power so it is suggested whenever possible to fully pipeline this function.  If this DSP48 function was inferred, it is suggested to describe an additional register stage after this function.  If the DSP48 was instantiated in the design, it is suggested to set the PREG attribute to 1.
Related violations: <none>

DPOP-3#57 Warning
PREG Output pipelining  
DSP bd_i/y26_conv_top_0/inst/grp_y26_conv2d_hls_fu_1392/grp_y26_conv2d_hls_Pipeline_VITIS_LOOP_1827_38_fu_10021/mul_48s_32s_80_3_1_U2906/tmp_product__0 output bd_i/y26_conv_top_0/inst/grp_y26_conv2d_hls_fu_1392/grp_y26_conv2d_hls_Pipeline_VITIS_LOOP_1827_38_fu_10021/mul_48s_32s_80_3_1_U2906/tmp_product__0/P[47:0] is not pipelined (PREG=0). Pipelining the DSP48 output will improve performance and often saves power so it is suggested whenever possible to fully pipeline this function.  If this DSP48 function was inferred, it is suggested to describe an additional register stage after this function.  If the DSP48 was instantiated in the design, it is suggested to set the PREG attribute to 1.
Related violations: <none>

DPOP-3#58 Warning
PREG Output pipelining  
DSP bd_i/y26_conv_top_0/inst/grp_y26_conv2d_hls_fu_1392/grp_y26_conv2d_hls_Pipeline_VITIS_LOOP_1827_38_fu_10021/mul_48s_32s_80_3_1_U2906/tmp_product__1 output bd_i/y26_conv_top_0/inst/grp_y26_conv2d_hls_fu_1392/grp_y26_conv2d_hls_Pipeline_VITIS_LOOP_1827_38_fu_10021/mul_48s_32s_80_3_1_U2906/tmp_product__1/P[47:0] is not pipelined (PREG=0). Pipelining the DSP48 output will improve performance and often saves power so it is suggested whenever possible to fully pipeline this function.  If this DSP48 function was inferred, it is suggested to describe an additional register stage after this function.  If the DSP48 was instantiated in the design, it is suggested to set the PREG attribute to 1.
Related violations: <none>

DPOP-3#59 Warning
PREG Output pipelining  
DSP bd_i/y26_conv_top_0/inst/grp_y26_conv2d_hls_fu_1392/grp_y26_conv2d_hls_Pipeline_VITIS_LOOP_1827_38_fu_10021/mul_48s_32s_80_3_1_U2907/tmp_product output bd_i/y26_conv_top_0/inst/grp_y26_conv2d_hls_fu_1392/grp_y26_conv2d_hls_Pipeline_VITIS_LOOP_1827_38_fu_10021/mul_48s_32s_80_3_1_U2907/tmp_product/P[47:0] is not pipelined (PREG=0). Pipelining the DSP48 output will improve performance and often saves power so it is suggested whenever possible to fully pipeline this function.  If this DSP48 function was inferred, it is suggested to describe an additional register stage after this function.  If the DSP48 was instantiated in the design, it is suggested to set the PREG attribute to 1.
Related violations: <none>

DPOP-3#60 Warning
PREG Output pipelining  
DSP bd_i/y26_conv_top_0/inst/grp_y26_conv2d_hls_fu_1392/grp_y26_conv2d_hls_Pipeline_VITIS_LOOP_1827_38_fu_10021/mul_48s_32s_80_3_1_U2907/tmp_product__0 output bd_i/y26_conv_top_0/inst/grp_y26_conv2d_hls_fu_1392/grp_y26_conv2d_hls_Pipeline_VITIS_LOOP_1827_38_fu_10021/mul_48s_32s_80_3_1_U2907/tmp_product__0/P[47:0] is not pipelined (PREG=0). Pipelining the DSP48 output will improve performance and often saves power so it is suggested whenever possible to fully pipeline this function.  If this DSP48 function was inferred, it is suggested to describe an additional register stage after this function.  If the DSP48 was instantiated in the design, it is suggested to set the PREG attribute to 1.
Related violations: <none>

DPOP-3#61 Warning
PREG Output pipelining  
DSP bd_i/y26_conv_top_0/inst/grp_y26_conv2d_hls_fu_1392/grp_y26_conv2d_hls_Pipeline_VITIS_LOOP_1827_38_fu_10021/mul_48s_32s_80_3_1_U2907/tmp_product__1 output bd_i/y26_conv_top_0/inst/grp_y26_conv2d_hls_fu_1392/grp_y26_conv2d_hls_Pipeline_VITIS_LOOP_1827_38_fu_10021/mul_48s_32s_80_3_1_U2907/tmp_product__1/P[47:0] is not pipelined (PREG=0). Pipelining the DSP48 output will improve performance and often saves power so it is suggested whenever possible to fully pipeline this function.  If this DSP48 function was inferred, it is suggested to describe an additional register stage after this function.  If the DSP48 was instantiated in the design, it is suggested to set the PREG attribute to 1.
Related violations: <none>

DPOP-3#62 Warning
PREG Output pipelining  
DSP bd_i/y26_conv_top_0/inst/grp_y26_conv2d_hls_fu_1392/mul_22s_22s_22_1_1_U3376/tmp_product output bd_i/y26_conv_top_0/inst/grp_y26_conv2d_hls_fu_1392/mul_22s_22s_22_1_1_U3376/tmp_product/P[47:0] is not pipelined (PREG=0). Pipelining the DSP48 output will improve performance and often saves power so it is suggested whenever possible to fully pipeline this function.  If this DSP48 function was inferred, it is suggested to describe an additional register stage after this function.  If the DSP48 was instantiated in the design, it is suggested to set the PREG attribute to 1.
Related violations: <none>

DPOP-3#63 Warning
PREG Output pipelining  
DSP bd_i/y26_conv_top_0/inst/grp_y26_conv2d_hls_fu_1392/mul_28s_32s_32_2_1_U3377/tmp_product__0 output bd_i/y26_conv_top_0/inst/grp_y26_conv2d_hls_fu_1392/mul_28s_32s_32_2_1_U3377/tmp_product__0/P[47:0] is not pipelined (PREG=0). Pipelining the DSP48 output will improve performance and often saves power so it is suggested whenever possible to fully pipeline this function.  If this DSP48 function was inferred, it is suggested to describe an additional register stage after this function.  If the DSP48 was instantiated in the design, it is suggested to set the PREG attribute to 1.
Related violations: <none>

DPOP-3#64 Warning
PREG Output pipelining  
DSP bd_i/y26_conv_top_0/inst/grp_y26_conv2d_hls_fu_1392/mul_29s_29s_29_2_1_U3378/tmp_product output bd_i/y26_conv_top_0/inst/grp_y26_conv2d_hls_fu_1392/mul_29s_29s_29_2_1_U3378/tmp_product/P[47:0] is not pipelined (PREG=0). Pipelining the DSP48 output will improve performance and often saves power so it is suggested whenever possible to fully pipeline this function.  If this DSP48 function was inferred, it is suggested to describe an additional register stage after this function.  If the DSP48 was instantiated in the design, it is suggested to set the PREG attribute to 1.
Related violations: <none>

DPOP-3#65 Warning
PREG Output pipelining  
DSP bd_i/y26_conv_top_0/inst/grp_y26_conv2d_hls_fu_1392/mul_31ns_15ns_46_2_1_U3379/tmp_product output bd_i/y26_conv_top_0/inst/grp_y26_conv2d_hls_fu_1392/mul_31ns_15ns_46_2_1_U3379/tmp_product/P[47:0] is not pipelined (PREG=0). Pipelining the DSP48 output will improve performance and often saves power so it is suggested whenever possible to fully pipeline this function.  If this DSP48 function was inferred, it is suggested to describe an additional register stage after this function.  If the DSP48 was instantiated in the design, it is suggested to set the PREG attribute to 1.
Related violations: <none>

DPOP-3#66 Warning
PREG Output pipelining  
DSP bd_i/y26_conv_top_0/inst/grp_y26_conv2d_hls_fu_1392/mul_32s_32s_32_2_1_U3380/tmp_product__0 output bd_i/y26_conv_top_0/inst/grp_y26_conv2d_hls_fu_1392/mul_32s_32s_32_2_1_U3380/tmp_product__0/P[47:0] is not pipelined (PREG=0). Pipelining the DSP48 output will improve performance and often saves power so it is suggested whenever possible to fully pipeline this function.  If this DSP48 function was inferred, it is suggested to describe an additional register stage after this function.  If the DSP48 was instantiated in the design, it is suggested to set the PREG attribute to 1.
Related violations: <none>

DPOP-3#67 Warning
PREG Output pipelining  
DSP bd_i/y26_conv_top_0/inst/grp_y26_conv2d_hls_fu_1392/mul_32s_32s_32_2_1_U3381/tmp_product__0 output bd_i/y26_conv_top_0/inst/grp_y26_conv2d_hls_fu_1392/mul_32s_32s_32_2_1_U3381/tmp_product__0/P[47:0] is not pipelined (PREG=0). Pipelining the DSP48 output will improve performance and often saves power so it is suggested whenever possible to fully pipeline this function.  If this DSP48 function was inferred, it is suggested to describe an additional register stage after this function.  If the DSP48 was instantiated in the design, it is suggested to set the PREG attribute to 1.
Related violations: <none>

DPOP-3#68 Warning
PREG Output pipelining  
DSP bd_i/y26_conv_top_0/inst/grp_y26_conv2d_hls_fu_1392/mul_32s_32s_32_2_1_U3382/tmp_product__0 output bd_i/y26_conv_top_0/inst/grp_y26_conv2d_hls_fu_1392/mul_32s_32s_32_2_1_U3382/tmp_product__0/P[47:0] is not pipelined (PREG=0). Pipelining the DSP48 output will improve performance and often saves power so it is suggested whenever possible to fully pipeline this function.  If this DSP48 function was inferred, it is suggested to describe an additional register stage after this function.  If the DSP48 was instantiated in the design, it is suggested to set the PREG attribute to 1.
Related violations: <none>

DPOP-3#69 Warning
PREG Output pipelining  
DSP bd_i/y26_conv_top_0/inst/grp_y26_conv2d_hls_fu_1392/mul_32s_32s_60_2_1_U3383/tmp_product output bd_i/y26_conv_top_0/inst/grp_y26_conv2d_hls_fu_1392/mul_32s_32s_60_2_1_U3383/tmp_product/P[47:0] is not pipelined (PREG=0). Pipelining the DSP48 output will improve performance and often saves power so it is suggested whenever possible to fully pipeline this function.  If this DSP48 function was inferred, it is suggested to describe an additional register stage after this function.  If the DSP48 was instantiated in the design, it is suggested to set the PREG attribute to 1.
Related violations: <none>

DPOP-3#70 Warning
PREG Output pipelining  
DSP bd_i/y26_conv_top_0/inst/grp_y26_conv2d_hls_fu_1392/mul_32s_32s_60_2_1_U3383/tmp_product__0 output bd_i/y26_conv_top_0/inst/grp_y26_conv2d_hls_fu_1392/mul_32s_32s_60_2_1_U3383/tmp_product__0/P[47:0] is not pipelined (PREG=0). Pipelining the DSP48 output will improve performance and often saves power so it is suggested whenever possible to fully pipeline this function.  If this DSP48 function was inferred, it is suggested to describe an additional register stage after this function.  If the DSP48 was instantiated in the design, it is suggested to set the PREG attribute to 1.
Related violations: <none>

DPOP-3#71 Warning
PREG Output pipelining  
DSP bd_i/y26_conv_top_0/inst/grp_y26_conv2d_hls_fu_1392/mul_60s_32s_64_3_1_U3384/tmp_product output bd_i/y26_conv_top_0/inst/grp_y26_conv2d_hls_fu_1392/mul_60s_32s_64_3_1_U3384/tmp_product/P[47:0] is not pipelined (PREG=0). Pipelining the DSP48 output will improve performance and often saves power so it is suggested whenever possible to fully pipeline this function.  If this DSP48 function was inferred, it is suggested to describe an additional register stage after this function.  If the DSP48 was instantiated in the design, it is suggested to set the PREG attribute to 1.
Related violations: <none>

DPOP-3#72 Warning
PREG Output pipelining  
DSP bd_i/y26_conv_top_0/inst/grp_y26_conv2d_hls_fu_1392/mul_60s_32s_64_3_1_U3384/tmp_product__0 output bd_i/y26_conv_top_0/inst/grp_y26_conv2d_hls_fu_1392/mul_60s_32s_64_3_1_U3384/tmp_product__0/P[47:0] is not pipelined (PREG=0). Pipelining the DSP48 output will improve performance and often saves power so it is suggested whenever possible to fully pipeline this function.  If this DSP48 function was inferred, it is suggested to describe an additional register stage after this function.  If the DSP48 was instantiated in the design, it is suggested to set the PREG attribute to 1.
Related violations: <none>

DPOP-3#73 Warning
PREG Output pipelining  
DSP bd_i/y26_conv_top_0/inst/grp_y26_conv2d_hls_fu_1392/mul_60s_32s_64_3_1_U3384/tmp_product__1 output bd_i/y26_conv_top_0/inst/grp_y26_conv2d_hls_fu_1392/mul_60s_32s_64_3_1_U3384/tmp_product__1/P[47:0] is not pipelined (PREG=0). Pipelining the DSP48 output will improve performance and often saves power so it is suggested whenever possible to fully pipeline this function.  If this DSP48 function was inferred, it is suggested to describe an additional register stage after this function.  If the DSP48 was instantiated in the design, it is suggested to set the PREG attribute to 1.
Related violations: <none>

DPOP-4#1 Warning
MREG Output pipelining  
DSP bd_i/y26_conv_top_0/inst/grp_y26_conv2d_hls_fu_1392/grp_y26_conv2d_hls_Pipeline_VITIS_LOOP_1510_34_fu_8576/mul_ln1534_10_reg_4819_reg multiplier stage bd_i/y26_conv_top_0/inst/grp_y26_conv2d_hls_fu_1392/grp_y26_conv2d_hls_Pipeline_VITIS_LOOP_1510_34_fu_8576/mul_ln1534_10_reg_4819_reg/P[47:0] is not pipelined (MREG=0). Pipelining the multiplier function will improve performance and will save significant power so it is suggested whenever possible to fully pipeline this function.  If this multiplier was inferred, it is suggested to describe an additional register stage after this function.  If there is no registered adder/accumulator following the multiply function, two pipeline stages are suggested to allow both the MREG and PREG registers to be used.  If the DSP48 was instantiated in the design, it is suggested to set both the MREG and PREG attributes to 1 when performing multiply functions.
Related violations: <none>

DPOP-4#2 Warning
MREG Output pipelining  
DSP bd_i/y26_conv_top_0/inst/grp_y26_conv2d_hls_fu_1392/grp_y26_conv2d_hls_Pipeline_VITIS_LOOP_1510_34_fu_8576/mul_ln1534_11_reg_4824_reg multiplier stage bd_i/y26_conv_top_0/inst/grp_y26_conv2d_hls_fu_1392/grp_y26_conv2d_hls_Pipeline_VITIS_LOOP_1510_34_fu_8576/mul_ln1534_11_reg_4824_reg/P[47:0] is not pipelined (MREG=0). Pipelining the multiplier function will improve performance and will save significant power so it is suggested whenever possible to fully pipeline this function.  If this multiplier was inferred, it is suggested to describe an additional register stage after this function.  If there is no registered adder/accumulator following the multiply function, two pipeline stages are suggested to allow both the MREG and PREG registers to be used.  If the DSP48 was instantiated in the design, it is suggested to set both the MREG and PREG attributes to 1 when performing multiply functions.
Related violations: <none>

DPOP-4#3 Warning
MREG Output pipelining  
DSP bd_i/y26_conv_top_0/inst/grp_y26_conv2d_hls_fu_1392/grp_y26_conv2d_hls_Pipeline_VITIS_LOOP_1510_34_fu_8576/mul_ln1534_12_reg_4829_reg multiplier stage bd_i/y26_conv_top_0/inst/grp_y26_conv2d_hls_fu_1392/grp_y26_conv2d_hls_Pipeline_VITIS_LOOP_1510_34_fu_8576/mul_ln1534_12_reg_4829_reg/P[47:0] is not pipelined (MREG=0). Pipelining the multiplier function will improve performance and will save significant power so it is suggested whenever possible to fully pipeline this function.  If this multiplier was inferred, it is suggested to describe an additional register stage after this function.  If there is no registered adder/accumulator following the multiply function, two pipeline stages are suggested to allow both the MREG and PREG registers to be used.  If the DSP48 was instantiated in the design, it is suggested to set both the MREG and PREG attributes to 1 when performing multiply functions.
Related violations: <none>

DPOP-4#4 Warning
MREG Output pipelining  
DSP bd_i/y26_conv_top_0/inst/grp_y26_conv2d_hls_fu_1392/grp_y26_conv2d_hls_Pipeline_VITIS_LOOP_1510_34_fu_8576/mul_ln1534_13_reg_4834_reg multiplier stage bd_i/y26_conv_top_0/inst/grp_y26_conv2d_hls_fu_1392/grp_y26_conv2d_hls_Pipeline_VITIS_LOOP_1510_34_fu_8576/mul_ln1534_13_reg_4834_reg/P[47:0] is not pipelined (MREG=0). Pipelining the multiplier function will improve performance and will save significant power so it is suggested whenever possible to fully pipeline this function.  If this multiplier was inferred, it is suggested to describe an additional register stage after this function.  If there is no registered adder/accumulator following the multiply function, two pipeline stages are suggested to allow both the MREG and PREG registers to be used.  If the DSP48 was instantiated in the design, it is suggested to set both the MREG and PREG attributes to 1 when performing multiply functions.
Related violations: <none>

DPOP-4#5 Warning
MREG Output pipelining  
DSP bd_i/y26_conv_top_0/inst/grp_y26_conv2d_hls_fu_1392/grp_y26_conv2d_hls_Pipeline_VITIS_LOOP_1510_34_fu_8576/mul_ln1534_14_reg_4839_reg multiplier stage bd_i/y26_conv_top_0/inst/grp_y26_conv2d_hls_fu_1392/grp_y26_conv2d_hls_Pipeline_VITIS_LOOP_1510_34_fu_8576/mul_ln1534_14_reg_4839_reg/P[47:0] is not pipelined (MREG=0). Pipelining the multiplier function will improve performance and will save significant power so it is suggested whenever possible to fully pipeline this function.  If this multiplier was inferred, it is suggested to describe an additional register stage after this function.  If there is no registered adder/accumulator following the multiply function, two pipeline stages are suggested to allow both the MREG and PREG registers to be used.  If the DSP48 was instantiated in the design, it is suggested to set both the MREG and PREG attributes to 1 when performing multiply functions.
Related violations: <none>

DPOP-4#6 Warning
MREG Output pipelining  
DSP bd_i/y26_conv_top_0/inst/grp_y26_conv2d_hls_fu_1392/grp_y26_conv2d_hls_Pipeline_VITIS_LOOP_1510_34_fu_8576/mul_ln1534_15_reg_4844_reg multiplier stage bd_i/y26_conv_top_0/inst/grp_y26_conv2d_hls_fu_1392/grp_y26_conv2d_hls_Pipeline_VITIS_LOOP_1510_34_fu_8576/mul_ln1534_15_reg_4844_reg/P[47:0] is not pipelined (MREG=0). Pipelining the multiplier function will improve performance and will save significant power so it is suggested whenever possible to fully pipeline this function.  If this multiplier was inferred, it is suggested to describe an additional register stage after this function.  If there is no registered adder/accumulator following the multiply function, two pipeline stages are suggested to allow both the MREG and PREG registers to be used.  If the DSP48 was instantiated in the design, it is suggested to set both the MREG and PREG attributes to 1 when performing multiply functions.
Related violations: <none>

DPOP-4#7 Warning
MREG Output pipelining  
DSP bd_i/y26_conv_top_0/inst/grp_y26_conv2d_hls_fu_1392/grp_y26_conv2d_hls_Pipeline_VITIS_LOOP_1510_34_fu_8576/mul_ln1534_6_reg_4799_reg multiplier stage bd_i/y26_conv_top_0/inst/grp_y26_conv2d_hls_fu_1392/grp_y26_conv2d_hls_Pipeline_VITIS_LOOP_1510_34_fu_8576/mul_ln1534_6_reg_4799_reg/P[47:0] is not pipelined (MREG=0). Pipelining the multiplier function will improve performance and will save significant power so it is suggested whenever possible to fully pipeline this function.  If this multiplier was inferred, it is suggested to describe an additional register stage after this function.  If there is no registered adder/accumulator following the multiply function, two pipeline stages are suggested to allow both the MREG and PREG registers to be used.  If the DSP48 was instantiated in the design, it is suggested to set both the MREG and PREG attributes to 1 when performing multiply functions.
Related violations: <none>

DPOP-4#8 Warning
MREG Output pipelining  
DSP bd_i/y26_conv_top_0/inst/grp_y26_conv2d_hls_fu_1392/grp_y26_conv2d_hls_Pipeline_VITIS_LOOP_1510_34_fu_8576/mul_ln1534_7_reg_4804_reg multiplier stage bd_i/y26_conv_top_0/inst/grp_y26_conv2d_hls_fu_1392/grp_y26_conv2d_hls_Pipeline_VITIS_LOOP_1510_34_fu_8576/mul_ln1534_7_reg_4804_reg/P[47:0] is not pipelined (MREG=0). Pipelining the multiplier function will improve performance and will save significant power so it is suggested whenever possible to fully pipeline this function.  If this multiplier was inferred, it is suggested to describe an additional register stage after this function.  If there is no registered adder/accumulator following the multiply function, two pipeline stages are suggested to allow both the MREG and PREG registers to be used.  If the DSP48 was instantiated in the design, it is suggested to set both the MREG and PREG attributes to 1 when performing multiply functions.
Related violations: <none>

DPOP-4#9 Warning
MREG Output pipelining  
DSP bd_i/y26_conv_top_0/inst/grp_y26_conv2d_hls_fu_1392/grp_y26_conv2d_hls_Pipeline_VITIS_LOOP_1510_34_fu_8576/mul_ln1534_8_reg_4809_reg multiplier stage bd_i/y26_conv_top_0/inst/grp_y26_conv2d_hls_fu_1392/grp_y26_conv2d_hls_Pipeline_VITIS_LOOP_1510_34_fu_8576/mul_ln1534_8_reg_4809_reg/P[47:0] is not pipelined (MREG=0). Pipelining the multiplier function will improve performance and will save significant power so it is suggested whenever possible to fully pipeline this function.  If this multiplier was inferred, it is suggested to describe an additional register stage after this function.  If there is no registered adder/accumulator following the multiply function, two pipeline stages are suggested to allow both the MREG and PREG registers to be used.  If the DSP48 was instantiated in the design, it is suggested to set both the MREG and PREG attributes to 1 when performing multiply functions.
Related violations: <none>

DPOP-4#10 Warning
MREG Output pipelining  
DSP bd_i/y26_conv_top_0/inst/grp_y26_conv2d_hls_fu_1392/grp_y26_conv2d_hls_Pipeline_VITIS_LOOP_1510_34_fu_8576/mul_ln1534_9_reg_4814_reg multiplier stage bd_i/y26_conv_top_0/inst/grp_y26_conv2d_hls_fu_1392/grp_y26_conv2d_hls_Pipeline_VITIS_LOOP_1510_34_fu_8576/mul_ln1534_9_reg_4814_reg/P[47:0] is not pipelined (MREG=0). Pipelining the multiplier function will improve performance and will save significant power so it is suggested whenever possible to fully pipeline this function.  If this multiplier was inferred, it is suggested to describe an additional register stage after this function.  If there is no registered adder/accumulator following the multiply function, two pipeline stages are suggested to allow both the MREG and PREG registers to be used.  If the DSP48 was instantiated in the design, it is suggested to set both the MREG and PREG attributes to 1 when performing multiply functions.
Related violations: <none>

DPOP-4#11 Warning
MREG Output pipelining  
DSP bd_i/y26_conv_top_0/inst/grp_y26_conv2d_hls_fu_1392/grp_y26_conv2d_hls_Pipeline_VITIS_LOOP_1827_38_fu_10021/mul_30s_16ns_46_2_1_U2875/buff0_reg multiplier stage bd_i/y26_conv_top_0/inst/grp_y26_conv2d_hls_fu_1392/grp_y26_conv2d_hls_Pipeline_VITIS_LOOP_1827_38_fu_10021/mul_30s_16ns_46_2_1_U2875/buff0_reg/P[47:0] is not pipelined (MREG=0). Pipelining the multiplier function will improve performance and will save significant power so it is suggested whenever possible to fully pipeline this function.  If this multiplier was inferred, it is suggested to describe an additional register stage after this function.  If there is no registered adder/accumulator following the multiply function, two pipeline stages are suggested to allow both the MREG and PREG registers to be used.  If the DSP48 was instantiated in the design, it is suggested to set both the MREG and PREG attributes to 1 when performing multiply functions.
Related violations: <none>

DPOP-4#12 Warning
MREG Output pipelining  
DSP bd_i/y26_conv_top_0/inst/grp_y26_conv2d_hls_fu_1392/grp_y26_conv2d_hls_Pipeline_VITIS_LOOP_1827_38_fu_10021/mul_30s_16ns_46_2_1_U2876/buff0_reg multiplier stage bd_i/y26_conv_top_0/inst/grp_y26_conv2d_hls_fu_1392/grp_y26_conv2d_hls_Pipeline_VITIS_LOOP_1827_38_fu_10021/mul_30s_16ns_46_2_1_U2876/buff0_reg/P[47:0] is not pipelined (MREG=0). Pipelining the multiplier function will improve performance and will save significant power so it is suggested whenever possible to fully pipeline this function.  If this multiplier was inferred, it is suggested to describe an additional register stage after this function.  If there is no registered adder/accumulator following the multiply function, two pipeline stages are suggested to allow both the MREG and PREG registers to be used.  If the DSP48 was instantiated in the design, it is suggested to set both the MREG and PREG attributes to 1 when performing multiply functions.
Related violations: <none>

DPOP-4#13 Warning
MREG Output pipelining  
DSP bd_i/y26_conv_top_0/inst/grp_y26_conv2d_hls_fu_1392/grp_y26_conv2d_hls_Pipeline_VITIS_LOOP_1827_38_fu_10021/mul_30s_16ns_46_2_1_U2877/buff0_reg multiplier stage bd_i/y26_conv_top_0/inst/grp_y26_conv2d_hls_fu_1392/grp_y26_conv2d_hls_Pipeline_VITIS_LOOP_1827_38_fu_10021/mul_30s_16ns_46_2_1_U2877/buff0_reg/P[47:0] is not pipelined (MREG=0). Pipelining the multiplier function will improve performance and will save significant power so it is suggested whenever possible to fully pipeline this function.  If this multiplier was inferred, it is suggested to describe an additional register stage after this function.  If there is no registered adder/accumulator following the multiply function, two pipeline stages are suggested to allow both the MREG and PREG registers to be used.  If the DSP48 was instantiated in the design, it is suggested to set both the MREG and PREG attributes to 1 when performing multiply functions.
Related violations: <none>

DPOP-4#14 Warning
MREG Output pipelining  
DSP bd_i/y26_conv_top_0/inst/grp_y26_conv2d_hls_fu_1392/grp_y26_conv2d_hls_Pipeline_VITIS_LOOP_1827_38_fu_10021/mul_30s_16ns_46_2_1_U2878/buff0_reg multiplier stage bd_i/y26_conv_top_0/inst/grp_y26_conv2d_hls_fu_1392/grp_y26_conv2d_hls_Pipeline_VITIS_LOOP_1827_38_fu_10021/mul_30s_16ns_46_2_1_U2878/buff0_reg/P[47:0] is not pipelined (MREG=0). Pipelining the multiplier function will improve performance and will save significant power so it is suggested whenever possible to fully pipeline this function.  If this multiplier was inferred, it is suggested to describe an additional register stage after this function.  If there is no registered adder/accumulator following the multiply function, two pipeline stages are suggested to allow both the MREG and PREG registers to be used.  If the DSP48 was instantiated in the design, it is suggested to set both the MREG and PREG attributes to 1 when performing multiply functions.
Related violations: <none>

DPOP-4#15 Warning
MREG Output pipelining  
DSP bd_i/y26_conv_top_0/inst/grp_y26_conv2d_hls_fu_1392/grp_y26_conv2d_hls_Pipeline_VITIS_LOOP_1827_38_fu_10021/mul_30s_16ns_46_2_1_U2879/buff0_reg multiplier stage bd_i/y26_conv_top_0/inst/grp_y26_conv2d_hls_fu_1392/grp_y26_conv2d_hls_Pipeline_VITIS_LOOP_1827_38_fu_10021/mul_30s_16ns_46_2_1_U2879/buff0_reg/P[47:0] is not pipelined (MREG=0). Pipelining the multiplier function will improve performance and will save significant power so it is suggested whenever possible to fully pipeline this function.  If this multiplier was inferred, it is suggested to describe an additional register stage after this function.  If there is no registered adder/accumulator following the multiply function, two pipeline stages are suggested to allow both the MREG and PREG registers to be used.  If the DSP48 was instantiated in the design, it is suggested to set both the MREG and PREG attributes to 1 when performing multiply functions.
Related violations: <none>

DPOP-4#16 Warning
MREG Output pipelining  
DSP bd_i/y26_conv_top_0/inst/grp_y26_conv2d_hls_fu_1392/grp_y26_conv2d_hls_Pipeline_VITIS_LOOP_1827_38_fu_10021/mul_30s_16ns_46_2_1_U2880/buff0_reg multiplier stage bd_i/y26_conv_top_0/inst/grp_y26_conv2d_hls_fu_1392/grp_y26_conv2d_hls_Pipeline_VITIS_LOOP_1827_38_fu_10021/mul_30s_16ns_46_2_1_U2880/buff0_reg/P[47:0] is not pipelined (MREG=0). Pipelining the multiplier function will improve performance and will save significant power so it is suggested whenever possible to fully pipeline this function.  If this multiplier was inferred, it is suggested to describe an additional register stage after this function.  If there is no registered adder/accumulator following the multiply function, two pipeline stages are suggested to allow both the MREG and PREG registers to be used.  If the DSP48 was instantiated in the design, it is suggested to set both the MREG and PREG attributes to 1 when performing multiply functions.
Related violations: <none>

DPOP-4#17 Warning
MREG Output pipelining  
DSP bd_i/y26_conv_top_0/inst/grp_y26_conv2d_hls_fu_1392/grp_y26_conv2d_hls_Pipeline_VITIS_LOOP_1827_38_fu_10021/mul_30s_16ns_46_2_1_U2881/buff0_reg multiplier stage bd_i/y26_conv_top_0/inst/grp_y26_conv2d_hls_fu_1392/grp_y26_conv2d_hls_Pipeline_VITIS_LOOP_1827_38_fu_10021/mul_30s_16ns_46_2_1_U2881/buff0_reg/P[47:0] is not pipelined (MREG=0). Pipelining the multiplier function will improve performance and will save significant power so it is suggested whenever possible to fully pipeline this function.  If this multiplier was inferred, it is suggested to describe an additional register stage after this function.  If there is no registered adder/accumulator following the multiply function, two pipeline stages are suggested to allow both the MREG and PREG registers to be used.  If the DSP48 was instantiated in the design, it is suggested to set both the MREG and PREG attributes to 1 when performing multiply functions.
Related violations: <none>

DPOP-4#18 Warning
MREG Output pipelining  
DSP bd_i/y26_conv_top_0/inst/grp_y26_conv2d_hls_fu_1392/grp_y26_conv2d_hls_Pipeline_VITIS_LOOP_1827_38_fu_10021/mul_30s_16ns_46_2_1_U2882/buff0_reg multiplier stage bd_i/y26_conv_top_0/inst/grp_y26_conv2d_hls_fu_1392/grp_y26_conv2d_hls_Pipeline_VITIS_LOOP_1827_38_fu_10021/mul_30s_16ns_46_2_1_U2882/buff0_reg/P[47:0] is not pipelined (MREG=0). Pipelining the multiplier function will improve performance and will save significant power so it is suggested whenever possible to fully pipeline this function.  If this multiplier was inferred, it is suggested to describe an additional register stage after this function.  If there is no registered adder/accumulator following the multiply function, two pipeline stages are suggested to allow both the MREG and PREG registers to be used.  If the DSP48 was instantiated in the design, it is suggested to set both the MREG and PREG attributes to 1 when performing multiply functions.
Related violations: <none>

DPOP-4#19 Warning
MREG Output pipelining  
DSP bd_i/y26_conv_top_0/inst/grp_y26_conv2d_hls_fu_1392/grp_y26_conv2d_hls_Pipeline_VITIS_LOOP_1827_38_fu_10021/mul_32s_32s_64_2_1_U2884/buff0_reg multiplier stage bd_i/y26_conv_top_0/inst/grp_y26_conv2d_hls_fu_1392/grp_y26_conv2d_hls_Pipeline_VITIS_LOOP_1827_38_fu_10021/mul_32s_32s_64_2_1_U2884/buff0_reg/P[47:0] is not pipelined (MREG=0). Pipelining the multiplier function will improve performance and will save significant power so it is suggested whenever possible to fully pipeline this function.  If this multiplier was inferred, it is suggested to describe an additional register stage after this function.  If there is no registered adder/accumulator following the multiply function, two pipeline stages are suggested to allow both the MREG and PREG registers to be used.  If the DSP48 was instantiated in the design, it is suggested to set both the MREG and PREG attributes to 1 when performing multiply functions.
Related violations: <none>

DPOP-4#20 Warning
MREG Output pipelining  
DSP bd_i/y26_conv_top_0/inst/grp_y26_conv2d_hls_fu_1392/grp_y26_conv2d_hls_Pipeline_VITIS_LOOP_1827_38_fu_10021/mul_32s_32s_64_2_1_U2884/buff0_reg__0 multiplier stage bd_i/y26_conv_top_0/inst/grp_y26_conv2d_hls_fu_1392/grp_y26_conv2d_hls_Pipeline_VITIS_LOOP_1827_38_fu_10021/mul_32s_32s_64_2_1_U2884/buff0_reg__0/P[47:0] is not pipelined (MREG=0). Pipelining the multiplier function will improve performance and will save significant power so it is suggested whenever possible to fully pipeline this function.  If this multiplier was inferred, it is suggested to describe an additional register stage after this function.  If there is no registered adder/accumulator following the multiply function, two pipeline stages are suggested to allow both the MREG and PREG registers to be used.  If the DSP48 was instantiated in the design, it is suggested to set both the MREG and PREG attributes to 1 when performing multiply functions.
Related violations: <none>

DPOP-4#21 Warning
MREG Output pipelining  
DSP bd_i/y26_conv_top_0/inst/grp_y26_conv2d_hls_fu_1392/grp_y26_conv2d_hls_Pipeline_VITIS_LOOP_1827_38_fu_10021/mul_32s_32s_64_2_1_U2884/tmp_product multiplier stage bd_i/y26_conv_top_0/inst/grp_y26_conv2d_hls_fu_1392/grp_y26_conv2d_hls_Pipeline_VITIS_LOOP_1827_38_fu_10021/mul_32s_32s_64_2_1_U2884/tmp_product/P[47:0] is not pipelined (MREG=0). Pipelining the multiplier function will improve performance and will save significant power so it is suggested whenever possible to fully pipeline this function.  If this multiplier was inferred, it is suggested to describe an additional register stage after this function.  If there is no registered adder/accumulator following the multiply function, two pipeline stages are suggested to allow both the MREG and PREG registers to be used.  If the DSP48 was instantiated in the design, it is suggested to set both the MREG and PREG attributes to 1 when performing multiply functions.
Related violations: <none>

DPOP-4#22 Warning
MREG Output pipelining  
DSP bd_i/y26_conv_top_0/inst/grp_y26_conv2d_hls_fu_1392/grp_y26_conv2d_hls_Pipeline_VITIS_LOOP_1827_38_fu_10021/mul_32s_32s_64_2_1_U2884/tmp_product__0 multiplier stage bd_i/y26_conv_top_0/inst/grp_y26_conv2d_hls_fu_1392/grp_y26_conv2d_hls_Pipeline_VITIS_LOOP_1827_38_fu_10021/mul_32s_32s_64_2_1_U2884/tmp_product__0/P[47:0] is not pipelined (MREG=0). Pipelining the multiplier function will improve performance and will save significant power so it is suggested whenever possible to fully pipeline this function.  If this multiplier was inferred, it is suggested to describe an additional register stage after this function.  If there is no registered adder/accumulator following the multiply function, two pipeline stages are suggested to allow both the MREG and PREG registers to be used.  If the DSP48 was instantiated in the design, it is suggested to set both the MREG and PREG attributes to 1 when performing multiply functions.
Related violations: <none>

DPOP-4#23 Warning
MREG Output pipelining  
DSP bd_i/y26_conv_top_0/inst/grp_y26_conv2d_hls_fu_1392/grp_y26_conv2d_hls_Pipeline_VITIS_LOOP_1827_38_fu_10021/mul_32s_32s_64_2_1_U2885/buff0_reg multiplier stage bd_i/y26_conv_top_0/inst/grp_y26_conv2d_hls_fu_1392/grp_y26_conv2d_hls_Pipeline_VITIS_LOOP_1827_38_fu_10021/mul_32s_32s_64_2_1_U2885/buff0_reg/P[47:0] is not pipelined (MREG=0). Pipelining the multiplier function will improve performance and will save significant power so it is suggested whenever possible to fully pipeline this function.  If this multiplier was inferred, it is suggested to describe an additional register stage after this function.  If there is no registered adder/accumulator following the multiply function, two pipeline stages are suggested to allow both the MREG and PREG registers to be used.  If the DSP48 was instantiated in the design, it is suggested to set both the MREG and PREG attributes to 1 when performing multiply functions.
Related violations: <none>

DPOP-4#24 Warning
MREG Output pipelining  
DSP bd_i/y26_conv_top_0/inst/grp_y26_conv2d_hls_fu_1392/grp_y26_conv2d_hls_Pipeline_VITIS_LOOP_1827_38_fu_10021/mul_32s_32s_64_2_1_U2885/buff0_reg__0 multiplier stage bd_i/y26_conv_top_0/inst/grp_y26_conv2d_hls_fu_1392/grp_y26_conv2d_hls_Pipeline_VITIS_LOOP_1827_38_fu_10021/mul_32s_32s_64_2_1_U2885/buff0_reg__0/P[47:0] is not pipelined (MREG=0). Pipelining the multiplier function will improve performance and will save significant power so it is suggested whenever possible to fully pipeline this function.  If this multiplier was inferred, it is suggested to describe an additional register stage after this function.  If there is no registered adder/accumulator following the multiply function, two pipeline stages are suggested to allow both the MREG and PREG registers to be used.  If the DSP48 was instantiated in the design, it is suggested to set both the MREG and PREG attributes to 1 when performing multiply functions.
Related violations: <none>

DPOP-4#25 Warning
MREG Output pipelining  
DSP bd_i/y26_conv_top_0/inst/grp_y26_conv2d_hls_fu_1392/grp_y26_conv2d_hls_Pipeline_VITIS_LOOP_1827_38_fu_10021/mul_32s_32s_64_2_1_U2885/tmp_product multiplier stage bd_i/y26_conv_top_0/inst/grp_y26_conv2d_hls_fu_1392/grp_y26_conv2d_hls_Pipeline_VITIS_LOOP_1827_38_fu_10021/mul_32s_32s_64_2_1_U2885/tmp_product/P[47:0] is not pipelined (MREG=0). Pipelining the multiplier function will improve performance and will save significant power so it is suggested whenever possible to fully pipeline this function.  If this multiplier was inferred, it is suggested to describe an additional register stage after this function.  If there is no registered adder/accumulator following the multiply function, two pipeline stages are suggested to allow both the MREG and PREG registers to be used.  If the DSP48 was instantiated in the design, it is suggested to set both the MREG and PREG attributes to 1 when performing multiply functions.
Related violations: <none>

DPOP-4#26 Warning
MREG Output pipelining  
DSP bd_i/y26_conv_top_0/inst/grp_y26_conv2d_hls_fu_1392/grp_y26_conv2d_hls_Pipeline_VITIS_LOOP_1827_38_fu_10021/mul_32s_32s_64_2_1_U2885/tmp_product__0 multiplier stage bd_i/y26_conv_top_0/inst/grp_y26_conv2d_hls_fu_1392/grp_y26_conv2d_hls_Pipeline_VITIS_LOOP_1827_38_fu_10021/mul_32s_32s_64_2_1_U2885/tmp_product__0/P[47:0] is not pipelined (MREG=0). Pipelining the multiplier function will improve performance and will save significant power so it is suggested whenever possible to fully pipeline this function.  If this multiplier was inferred, it is suggested to describe an additional register stage after this function.  If there is no registered adder/accumulator following the multiply function, two pipeline stages are suggested to allow both the MREG and PREG registers to be used.  If the DSP48 was instantiated in the design, it is suggested to set both the MREG and PREG attributes to 1 when performing multiply functions.
Related violations: <none>

DPOP-4#27 Warning
MREG Output pipelining  
DSP bd_i/y26_conv_top_0/inst/grp_y26_conv2d_hls_fu_1392/grp_y26_conv2d_hls_Pipeline_VITIS_LOOP_1827_38_fu_10021/mul_32s_32s_64_2_1_U2886/buff0_reg multiplier stage bd_i/y26_conv_top_0/inst/grp_y26_conv2d_hls_fu_1392/grp_y26_conv2d_hls_Pipeline_VITIS_LOOP_1827_38_fu_10021/mul_32s_32s_64_2_1_U2886/buff0_reg/P[47:0] is not pipelined (MREG=0). Pipelining the multiplier function will improve performance and will save significant power so it is suggested whenever possible to fully pipeline this function.  If this multiplier was inferred, it is suggested to describe an additional register stage after this function.  If there is no registered adder/accumulator following the multiply function, two pipeline stages are suggested to allow both the MREG and PREG registers to be used.  If the DSP48 was instantiated in the design, it is suggested to set both the MREG and PREG attributes to 1 when performing multiply functions.
Related violations: <none>

DPOP-4#28 Warning
MREG Output pipelining  
DSP bd_i/y26_conv_top_0/inst/grp_y26_conv2d_hls_fu_1392/grp_y26_conv2d_hls_Pipeline_VITIS_LOOP_1827_38_fu_10021/mul_32s_32s_64_2_1_U2886/buff0_reg__0 multiplier stage bd_i/y26_conv_top_0/inst/grp_y26_conv2d_hls_fu_1392/grp_y26_conv2d_hls_Pipeline_VITIS_LOOP_1827_38_fu_10021/mul_32s_32s_64_2_1_U2886/buff0_reg__0/P[47:0] is not pipelined (MREG=0). Pipelining the multiplier function will improve performance and will save significant power so it is suggested whenever possible to fully pipeline this function.  If this multiplier was inferred, it is suggested to describe an additional register stage after this function.  If there is no registered adder/accumulator following the multiply function, two pipeline stages are suggested to allow both the MREG and PREG registers to be used.  If the DSP48 was instantiated in the design, it is suggested to set both the MREG and PREG attributes to 1 when performing multiply functions.
Related violations: <none>

DPOP-4#29 Warning
MREG Output pipelining  
DSP bd_i/y26_conv_top_0/inst/grp_y26_conv2d_hls_fu_1392/grp_y26_conv2d_hls_Pipeline_VITIS_LOOP_1827_38_fu_10021/mul_32s_32s_64_2_1_U2886/tmp_product multiplier stage bd_i/y26_conv_top_0/inst/grp_y26_conv2d_hls_fu_1392/grp_y26_conv2d_hls_Pipeline_VITIS_LOOP_1827_38_fu_10021/mul_32s_32s_64_2_1_U2886/tmp_product/P[47:0] is not pipelined (MREG=0). Pipelining the multiplier function will improve performance and will save significant power so it is suggested whenever possible to fully pipeline this function.  If this multiplier was inferred, it is suggested to describe an additional register stage after this function.  If there is no registered adder/accumulator following the multiply function, two pipeline stages are suggested to allow both the MREG and PREG registers to be used.  If the DSP48 was instantiated in the design, it is suggested to set both the MREG and PREG attributes to 1 when performing multiply functions.
Related violations: <none>

DPOP-4#30 Warning
MREG Output pipelining  
DSP bd_i/y26_conv_top_0/inst/grp_y26_conv2d_hls_fu_1392/grp_y26_conv2d_hls_Pipeline_VITIS_LOOP_1827_38_fu_10021/mul_32s_32s_64_2_1_U2886/tmp_product__0 multiplier stage bd_i/y26_conv_top_0/inst/grp_y26_conv2d_hls_fu_1392/grp_y26_conv2d_hls_Pipeline_VITIS_LOOP_1827_38_fu_10021/mul_32s_32s_64_2_1_U2886/tmp_product__0/P[47:0] is not pipelined (MREG=0). Pipelining the multiplier function will improve performance and will save significant power so it is suggested whenever possible to fully pipeline this function.  If this multiplier was inferred, it is suggested to describe an additional register stage after this function.  If there is no registered adder/accumulator following the multiply function, two pipeline stages are suggested to allow both the MREG and PREG registers to be used.  If the DSP48 was instantiated in the design, it is suggested to set both the MREG and PREG attributes to 1 when performing multiply functions.
Related violations: <none>

DPOP-4#31 Warning
MREG Output pipelining  
DSP bd_i/y26_conv_top_0/inst/grp_y26_conv2d_hls_fu_1392/grp_y26_conv2d_hls_Pipeline_VITIS_LOOP_1827_38_fu_10021/mul_32s_32s_64_2_1_U2887/buff0_reg multiplier stage bd_i/y26_conv_top_0/inst/grp_y26_conv2d_hls_fu_1392/grp_y26_conv2d_hls_Pipeline_VITIS_LOOP_1827_38_fu_10021/mul_32s_32s_64_2_1_U2887/buff0_reg/P[47:0] is not pipelined (MREG=0). Pipelining the multiplier function will improve performance and will save significant power so it is suggested whenever possible to fully pipeline this function.  If this multiplier was inferred, it is suggested to describe an additional register stage after this function.  If there is no registered adder/accumulator following the multiply function, two pipeline stages are suggested to allow both the MREG and PREG registers to be used.  If the DSP48 was instantiated in the design, it is suggested to set both the MREG and PREG attributes to 1 when performing multiply functions.
Related violations: <none>

DPOP-4#32 Warning
MREG Output pipelining  
DSP bd_i/y26_conv_top_0/inst/grp_y26_conv2d_hls_fu_1392/grp_y26_conv2d_hls_Pipeline_VITIS_LOOP_1827_38_fu_10021/mul_32s_32s_64_2_1_U2887/buff0_reg__0 multiplier stage bd_i/y26_conv_top_0/inst/grp_y26_conv2d_hls_fu_1392/grp_y26_conv2d_hls_Pipeline_VITIS_LOOP_1827_38_fu_10021/mul_32s_32s_64_2_1_U2887/buff0_reg__0/P[47:0] is not pipelined (MREG=0). Pipelining the multiplier function will improve performance and will save significant power so it is suggested whenever possible to fully pipeline this function.  If this multiplier was inferred, it is suggested to describe an additional register stage after this function.  If there is no registered adder/accumulator following the multiply function, two pipeline stages are suggested to allow both the MREG and PREG registers to be used.  If the DSP48 was instantiated in the design, it is suggested to set both the MREG and PREG attributes to 1 when performing multiply functions.
Related violations: <none>

DPOP-4#33 Warning
MREG Output pipelining  
DSP bd_i/y26_conv_top_0/inst/grp_y26_conv2d_hls_fu_1392/grp_y26_conv2d_hls_Pipeline_VITIS_LOOP_1827_38_fu_10021/mul_32s_32s_64_2_1_U2887/tmp_product multiplier stage bd_i/y26_conv_top_0/inst/grp_y26_conv2d_hls_fu_1392/grp_y26_conv2d_hls_Pipeline_VITIS_LOOP_1827_38_fu_10021/mul_32s_32s_64_2_1_U2887/tmp_product/P[47:0] is not pipelined (MREG=0). Pipelining the multiplier function will improve performance and will save significant power so it is suggested whenever possible to fully pipeline this function.  If this multiplier was inferred, it is suggested to describe an additional register stage after this function.  If there is no registered adder/accumulator following the multiply function, two pipeline stages are suggested to allow both the MREG and PREG registers to be used.  If the DSP48 was instantiated in the design, it is suggested to set both the MREG and PREG attributes to 1 when performing multiply functions.
Related violations: <none>

DPOP-4#34 Warning
MREG Output pipelining  
DSP bd_i/y26_conv_top_0/inst/grp_y26_conv2d_hls_fu_1392/grp_y26_conv2d_hls_Pipeline_VITIS_LOOP_1827_38_fu_10021/mul_32s_32s_64_2_1_U2887/tmp_product__0 multiplier stage bd_i/y26_conv_top_0/inst/grp_y26_conv2d_hls_fu_1392/grp_y26_conv2d_hls_Pipeline_VITIS_LOOP_1827_38_fu_10021/mul_32s_32s_64_2_1_U2887/tmp_product__0/P[47:0] is not pipelined (MREG=0). Pipelining the multiplier function will improve performance and will save significant power so it is suggested whenever possible to fully pipeline this function.  If this multiplier was inferred, it is suggested to describe an additional register stage after this function.  If there is no registered adder/accumulator following the multiply function, two pipeline stages are suggested to allow both the MREG and PREG registers to be used.  If the DSP48 was instantiated in the design, it is suggested to set both the MREG and PREG attributes to 1 when performing multiply functions.
Related violations: <none>

DPOP-4#35 Warning
MREG Output pipelining  
DSP bd_i/y26_conv_top_0/inst/grp_y26_conv2d_hls_fu_1392/grp_y26_conv2d_hls_Pipeline_VITIS_LOOP_1827_38_fu_10021/mul_32s_32s_64_2_1_U2888/buff0_reg multiplier stage bd_i/y26_conv_top_0/inst/grp_y26_conv2d_hls_fu_1392/grp_y26_conv2d_hls_Pipeline_VITIS_LOOP_1827_38_fu_10021/mul_32s_32s_64_2_1_U2888/buff0_reg/P[47:0] is not pipelined (MREG=0). Pipelining the multiplier function will improve performance and will save significant power so it is suggested whenever possible to fully pipeline this function.  If this multiplier was inferred, it is suggested to describe an additional register stage after this function.  If there is no registered adder/accumulator following the multiply function, two pipeline stages are suggested to allow both the MREG and PREG registers to be used.  If the DSP48 was instantiated in the design, it is suggested to set both the MREG and PREG attributes to 1 when performing multiply functions.
Related violations: <none>

DPOP-4#36 Warning
MREG Output pipelining  
DSP bd_i/y26_conv_top_0/inst/grp_y26_conv2d_hls_fu_1392/grp_y26_conv2d_hls_Pipeline_VITIS_LOOP_1827_38_fu_10021/mul_32s_32s_64_2_1_U2888/buff0_reg__0 multiplier stage bd_i/y26_conv_top_0/inst/grp_y26_conv2d_hls_fu_1392/grp_y26_conv2d_hls_Pipeline_VITIS_LOOP_1827_38_fu_10021/mul_32s_32s_64_2_1_U2888/buff0_reg__0/P[47:0] is not pipelined (MREG=0). Pipelining the multiplier function will improve performance and will save significant power so it is suggested whenever possible to fully pipeline this function.  If this multiplier was inferred, it is suggested to describe an additional register stage after this function.  If there is no registered adder/accumulator following the multiply function, two pipeline stages are suggested to allow both the MREG and PREG registers to be used.  If the DSP48 was instantiated in the design, it is suggested to set both the MREG and PREG attributes to 1 when performing multiply functions.
Related violations: <none>

DPOP-4#37 Warning
MREG Output pipelining  
DSP bd_i/y26_conv_top_0/inst/grp_y26_conv2d_hls_fu_1392/grp_y26_conv2d_hls_Pipeline_VITIS_LOOP_1827_38_fu_10021/mul_32s_32s_64_2_1_U2888/tmp_product multiplier stage bd_i/y26_conv_top_0/inst/grp_y26_conv2d_hls_fu_1392/grp_y26_conv2d_hls_Pipeline_VITIS_LOOP_1827_38_fu_10021/mul_32s_32s_64_2_1_U2888/tmp_product/P[47:0] is not pipelined (MREG=0). Pipelining the multiplier function will improve performance and will save significant power so it is suggested whenever possible to fully pipeline this function.  If this multiplier was inferred, it is suggested to describe an additional register stage after this function.  If there is no registered adder/accumulator following the multiply function, two pipeline stages are suggested to allow both the MREG and PREG registers to be used.  If the DSP48 was instantiated in the design, it is suggested to set both the MREG and PREG attributes to 1 when performing multiply functions.
Related violations: <none>

DPOP-4#38 Warning
MREG Output pipelining  
DSP bd_i/y26_conv_top_0/inst/grp_y26_conv2d_hls_fu_1392/grp_y26_conv2d_hls_Pipeline_VITIS_LOOP_1827_38_fu_10021/mul_32s_32s_64_2_1_U2888/tmp_product__0 multiplier stage bd_i/y26_conv_top_0/inst/grp_y26_conv2d_hls_fu_1392/grp_y26_conv2d_hls_Pipeline_VITIS_LOOP_1827_38_fu_10021/mul_32s_32s_64_2_1_U2888/tmp_product__0/P[47:0] is not pipelined (MREG=0). Pipelining the multiplier function will improve performance and will save significant power so it is suggested whenever possible to fully pipeline this function.  If this multiplier was inferred, it is suggested to describe an additional register stage after this function.  If there is no registered adder/accumulator following the multiply function, two pipeline stages are suggested to allow both the MREG and PREG registers to be used.  If the DSP48 was instantiated in the design, it is suggested to set both the MREG and PREG attributes to 1 when performing multiply functions.
Related violations: <none>

DPOP-4#39 Warning
MREG Output pipelining  
DSP bd_i/y26_conv_top_0/inst/grp_y26_conv2d_hls_fu_1392/grp_y26_conv2d_hls_Pipeline_VITIS_LOOP_1827_38_fu_10021/mul_32s_32s_64_2_1_U2889/buff0_reg multiplier stage bd_i/y26_conv_top_0/inst/grp_y26_conv2d_hls_fu_1392/grp_y26_conv2d_hls_Pipeline_VITIS_LOOP_1827_38_fu_10021/mul_32s_32s_64_2_1_U2889/buff0_reg/P[47:0] is not pipelined (MREG=0). Pipelining the multiplier function will improve performance and will save significant power so it is suggested whenever possible to fully pipeline this function.  If this multiplier was inferred, it is suggested to describe an additional register stage after this function.  If there is no registered adder/accumulator following the multiply function, two pipeline stages are suggested to allow both the MREG and PREG registers to be used.  If the DSP48 was instantiated in the design, it is suggested to set both the MREG and PREG attributes to 1 when performing multiply functions.
Related violations: <none>

DPOP-4#40 Warning
MREG Output pipelining  
DSP bd_i/y26_conv_top_0/inst/grp_y26_conv2d_hls_fu_1392/grp_y26_conv2d_hls_Pipeline_VITIS_LOOP_1827_38_fu_10021/mul_32s_32s_64_2_1_U2889/buff0_reg__0 multiplier stage bd_i/y26_conv_top_0/inst/grp_y26_conv2d_hls_fu_1392/grp_y26_conv2d_hls_Pipeline_VITIS_LOOP_1827_38_fu_10021/mul_32s_32s_64_2_1_U2889/buff0_reg__0/P[47:0] is not pipelined (MREG=0). Pipelining the multiplier function will improve performance and will save significant power so it is suggested whenever possible to fully pipeline this function.  If this multiplier was inferred, it is suggested to describe an additional register stage after this function.  If there is no registered adder/accumulator following the multiply function, two pipeline stages are suggested to allow both the MREG and PREG registers to be used.  If the DSP48 was instantiated in the design, it is suggested to set both the MREG and PREG attributes to 1 when performing multiply functions.
Related violations: <none>

DPOP-4#41 Warning
MREG Output pipelining  
DSP bd_i/y26_conv_top_0/inst/grp_y26_conv2d_hls_fu_1392/grp_y26_conv2d_hls_Pipeline_VITIS_LOOP_1827_38_fu_10021/mul_32s_32s_64_2_1_U2889/tmp_product multiplier stage bd_i/y26_conv_top_0/inst/grp_y26_conv2d_hls_fu_1392/grp_y26_conv2d_hls_Pipeline_VITIS_LOOP_1827_38_fu_10021/mul_32s_32s_64_2_1_U2889/tmp_product/P[47:0] is not pipelined (MREG=0). Pipelining the multiplier function will improve performance and will save significant power so it is suggested whenever possible to fully pipeline this function.  If this multiplier was inferred, it is suggested to describe an additional register stage after this function.  If there is no registered adder/accumulator following the multiply function, two pipeline stages are suggested to allow both the MREG and PREG registers to be used.  If the DSP48 was instantiated in the design, it is suggested to set both the MREG and PREG attributes to 1 when performing multiply functions.
Related violations: <none>

DPOP-4#42 Warning
MREG Output pipelining  
DSP bd_i/y26_conv_top_0/inst/grp_y26_conv2d_hls_fu_1392/grp_y26_conv2d_hls_Pipeline_VITIS_LOOP_1827_38_fu_10021/mul_32s_32s_64_2_1_U2889/tmp_product__0 multiplier stage bd_i/y26_conv_top_0/inst/grp_y26_conv2d_hls_fu_1392/grp_y26_conv2d_hls_Pipeline_VITIS_LOOP_1827_38_fu_10021/mul_32s_32s_64_2_1_U2889/tmp_product__0/P[47:0] is not pipelined (MREG=0). Pipelining the multiplier function will improve performance and will save significant power so it is suggested whenever possible to fully pipeline this function.  If this multiplier was inferred, it is suggested to describe an additional register stage after this function.  If there is no registered adder/accumulator following the multiply function, two pipeline stages are suggested to allow both the MREG and PREG registers to be used.  If the DSP48 was instantiated in the design, it is suggested to set both the MREG and PREG attributes to 1 when performing multiply functions.
Related violations: <none>

DPOP-4#43 Warning
MREG Output pipelining  
DSP bd_i/y26_conv_top_0/inst/grp_y26_conv2d_hls_fu_1392/grp_y26_conv2d_hls_Pipeline_VITIS_LOOP_1827_38_fu_10021/mul_32s_32s_64_2_1_U2890/buff0_reg multiplier stage bd_i/y26_conv_top_0/inst/grp_y26_conv2d_hls_fu_1392/grp_y26_conv2d_hls_Pipeline_VITIS_LOOP_1827_38_fu_10021/mul_32s_32s_64_2_1_U2890/buff0_reg/P[47:0] is not pipelined (MREG=0). Pipelining the multiplier function will improve performance and will save significant power so it is suggested whenever possible to fully pipeline this function.  If this multiplier was inferred, it is suggested to describe an additional register stage after this function.  If there is no registered adder/accumulator following the multiply function, two pipeline stages are suggested to allow both the MREG and PREG registers to be used.  If the DSP48 was instantiated in the design, it is suggested to set both the MREG and PREG attributes to 1 when performing multiply functions.
Related violations: <none>

DPOP-4#44 Warning
MREG Output pipelining  
DSP bd_i/y26_conv_top_0/inst/grp_y26_conv2d_hls_fu_1392/grp_y26_conv2d_hls_Pipeline_VITIS_LOOP_1827_38_fu_10021/mul_32s_32s_64_2_1_U2890/buff0_reg__0 multiplier stage bd_i/y26_conv_top_0/inst/grp_y26_conv2d_hls_fu_1392/grp_y26_conv2d_hls_Pipeline_VITIS_LOOP_1827_38_fu_10021/mul_32s_32s_64_2_1_U2890/buff0_reg__0/P[47:0] is not pipelined (MREG=0). Pipelining the multiplier function will improve performance and will save significant power so it is suggested whenever possible to fully pipeline this function.  If this multiplier was inferred, it is suggested to describe an additional register stage after this function.  If there is no registered adder/accumulator following the multiply function, two pipeline stages are suggested to allow both the MREG and PREG registers to be used.  If the DSP48 was instantiated in the design, it is suggested to set both the MREG and PREG attributes to 1 when performing multiply functions.
Related violations: <none>

DPOP-4#45 Warning
MREG Output pipelining  
DSP bd_i/y26_conv_top_0/inst/grp_y26_conv2d_hls_fu_1392/grp_y26_conv2d_hls_Pipeline_VITIS_LOOP_1827_38_fu_10021/mul_32s_32s_64_2_1_U2890/tmp_product multiplier stage bd_i/y26_conv_top_0/inst/grp_y26_conv2d_hls_fu_1392/grp_y26_conv2d_hls_Pipeline_VITIS_LOOP_1827_38_fu_10021/mul_32s_32s_64_2_1_U2890/tmp_product/P[47:0] is not pipelined (MREG=0). Pipelining the multiplier function will improve performance and will save significant power so it is suggested whenever possible to fully pipeline this function.  If this multiplier was inferred, it is suggested to describe an additional register stage after this function.  If there is no registered adder/accumulator following the multiply function, two pipeline stages are suggested to allow both the MREG and PREG registers to be used.  If the DSP48 was instantiated in the design, it is suggested to set both the MREG and PREG attributes to 1 when performing multiply functions.
Related violations: <none>

DPOP-4#46 Warning
MREG Output pipelining  
DSP bd_i/y26_conv_top_0/inst/grp_y26_conv2d_hls_fu_1392/grp_y26_conv2d_hls_Pipeline_VITIS_LOOP_1827_38_fu_10021/mul_32s_32s_64_2_1_U2890/tmp_product__0 multiplier stage bd_i/y26_conv_top_0/inst/grp_y26_conv2d_hls_fu_1392/grp_y26_conv2d_hls_Pipeline_VITIS_LOOP_1827_38_fu_10021/mul_32s_32s_64_2_1_U2890/tmp_product__0/P[47:0] is not pipelined (MREG=0). Pipelining the multiplier function will improve performance and will save significant power so it is suggested whenever possible to fully pipeline this function.  If this multiplier was inferred, it is suggested to describe an additional register stage after this function.  If there is no registered adder/accumulator following the multiply function, two pipeline stages are suggested to allow both the MREG and PREG registers to be used.  If the DSP48 was instantiated in the design, it is suggested to set both the MREG and PREG attributes to 1 when performing multiply functions.
Related violations: <none>

DPOP-4#47 Warning
MREG Output pipelining  
DSP bd_i/y26_conv_top_0/inst/grp_y26_conv2d_hls_fu_1392/grp_y26_conv2d_hls_Pipeline_VITIS_LOOP_1827_38_fu_10021/mul_32s_32s_64_2_1_U2891/buff0_reg multiplier stage bd_i/y26_conv_top_0/inst/grp_y26_conv2d_hls_fu_1392/grp_y26_conv2d_hls_Pipeline_VITIS_LOOP_1827_38_fu_10021/mul_32s_32s_64_2_1_U2891/buff0_reg/P[47:0] is not pipelined (MREG=0). Pipelining the multiplier function will improve performance and will save significant power so it is suggested whenever possible to fully pipeline this function.  If this multiplier was inferred, it is suggested to describe an additional register stage after this function.  If there is no registered adder/accumulator following the multiply function, two pipeline stages are suggested to allow both the MREG and PREG registers to be used.  If the DSP48 was instantiated in the design, it is suggested to set both the MREG and PREG attributes to 1 when performing multiply functions.
Related violations: <none>

DPOP-4#48 Warning
MREG Output pipelining  
DSP bd_i/y26_conv_top_0/inst/grp_y26_conv2d_hls_fu_1392/grp_y26_conv2d_hls_Pipeline_VITIS_LOOP_1827_38_fu_10021/mul_32s_32s_64_2_1_U2891/buff0_reg__0 multiplier stage bd_i/y26_conv_top_0/inst/grp_y26_conv2d_hls_fu_1392/grp_y26_conv2d_hls_Pipeline_VITIS_LOOP_1827_38_fu_10021/mul_32s_32s_64_2_1_U2891/buff0_reg__0/P[47:0] is not pipelined (MREG=0). Pipelining the multiplier function will improve performance and will save significant power so it is suggested whenever possible to fully pipeline this function.  If this multiplier was inferred, it is suggested to describe an additional register stage after this function.  If there is no registered adder/accumulator following the multiply function, two pipeline stages are suggested to allow both the MREG and PREG registers to be used.  If the DSP48 was instantiated in the design, it is suggested to set both the MREG and PREG attributes to 1 when performing multiply functions.
Related violations: <none>

DPOP-4#49 Warning
MREG Output pipelining  
DSP bd_i/y26_conv_top_0/inst/grp_y26_conv2d_hls_fu_1392/grp_y26_conv2d_hls_Pipeline_VITIS_LOOP_1827_38_fu_10021/mul_32s_32s_64_2_1_U2891/tmp_product multiplier stage bd_i/y26_conv_top_0/inst/grp_y26_conv2d_hls_fu_1392/grp_y26_conv2d_hls_Pipeline_VITIS_LOOP_1827_38_fu_10021/mul_32s_32s_64_2_1_U2891/tmp_product/P[47:0] is not pipelined (MREG=0). Pipelining the multiplier function will improve performance and will save significant power so it is suggested whenever possible to fully pipeline this function.  If this multiplier was inferred, it is suggested to describe an additional register stage after this function.  If there is no registered adder/accumulator following the multiply function, two pipeline stages are suggested to allow both the MREG and PREG registers to be used.  If the DSP48 was instantiated in the design, it is suggested to set both the MREG and PREG attributes to 1 when performing multiply functions.
Related violations: <none>

DPOP-4#50 Warning
MREG Output pipelining  
DSP bd_i/y26_conv_top_0/inst/grp_y26_conv2d_hls_fu_1392/grp_y26_conv2d_hls_Pipeline_VITIS_LOOP_1827_38_fu_10021/mul_32s_32s_64_2_1_U2891/tmp_product__0 multiplier stage bd_i/y26_conv_top_0/inst/grp_y26_conv2d_hls_fu_1392/grp_y26_conv2d_hls_Pipeline_VITIS_LOOP_1827_38_fu_10021/mul_32s_32s_64_2_1_U2891/tmp_product__0/P[47:0] is not pipelined (MREG=0). Pipelining the multiplier function will improve performance and will save significant power so it is suggested whenever possible to fully pipeline this function.  If this multiplier was inferred, it is suggested to describe an additional register stage after this function.  If there is no registered adder/accumulator following the multiply function, two pipeline stages are suggested to allow both the MREG and PREG registers to be used.  If the DSP48 was instantiated in the design, it is suggested to set both the MREG and PREG attributes to 1 when performing multiply functions.
Related violations: <none>

DPOP-4#51 Warning
MREG Output pipelining  
DSP bd_i/y26_conv_top_0/inst/grp_y26_conv2d_hls_fu_1392/grp_y26_conv2d_hls_Pipeline_VITIS_LOOP_1827_38_fu_10021/mul_32s_32s_64_2_1_U2892/buff0_reg multiplier stage bd_i/y26_conv_top_0/inst/grp_y26_conv2d_hls_fu_1392/grp_y26_conv2d_hls_Pipeline_VITIS_LOOP_1827_38_fu_10021/mul_32s_32s_64_2_1_U2892/buff0_reg/P[47:0] is not pipelined (MREG=0). Pipelining the multiplier function will improve performance and will save significant power so it is suggested whenever possible to fully pipeline this function.  If this multiplier was inferred, it is suggested to describe an additional register stage after this function.  If there is no registered adder/accumulator following the multiply function, two pipeline stages are suggested to allow both the MREG and PREG registers to be used.  If the DSP48 was instantiated in the design, it is suggested to set both the MREG and PREG attributes to 1 when performing multiply functions.
Related violations: <none>

DPOP-4#52 Warning
MREG Output pipelining  
DSP bd_i/y26_conv_top_0/inst/grp_y26_conv2d_hls_fu_1392/grp_y26_conv2d_hls_Pipeline_VITIS_LOOP_1827_38_fu_10021/mul_32s_32s_64_2_1_U2892/buff0_reg__0 multiplier stage bd_i/y26_conv_top_0/inst/grp_y26_conv2d_hls_fu_1392/grp_y26_conv2d_hls_Pipeline_VITIS_LOOP_1827_38_fu_10021/mul_32s_32s_64_2_1_U2892/buff0_reg__0/P[47:0] is not pipelined (MREG=0). Pipelining the multiplier function will improve performance and will save significant power so it is suggested whenever possible to fully pipeline this function.  If this multiplier was inferred, it is suggested to describe an additional register stage after this function.  If there is no registered adder/accumulator following the multiply function, two pipeline stages are suggested to allow both the MREG and PREG registers to be used.  If the DSP48 was instantiated in the design, it is suggested to set both the MREG and PREG attributes to 1 when performing multiply functions.
Related violations: <none>

DPOP-4#53 Warning
MREG Output pipelining  
DSP bd_i/y26_conv_top_0/inst/grp_y26_conv2d_hls_fu_1392/grp_y26_conv2d_hls_Pipeline_VITIS_LOOP_1827_38_fu_10021/mul_32s_32s_64_2_1_U2892/tmp_product multiplier stage bd_i/y26_conv_top_0/inst/grp_y26_conv2d_hls_fu_1392/grp_y26_conv2d_hls_Pipeline_VITIS_LOOP_1827_38_fu_10021/mul_32s_32s_64_2_1_U2892/tmp_product/P[47:0] is not pipelined (MREG=0). Pipelining the multiplier function will improve performance and will save significant power so it is suggested whenever possible to fully pipeline this function.  If this multiplier was inferred, it is suggested to describe an additional register stage after this function.  If there is no registered adder/accumulator following the multiply function, two pipeline stages are suggested to allow both the MREG and PREG registers to be used.  If the DSP48 was instantiated in the design, it is suggested to set both the MREG and PREG attributes to 1 when performing multiply functions.
Related violations: <none>

DPOP-4#54 Warning
MREG Output pipelining  
DSP bd_i/y26_conv_top_0/inst/grp_y26_conv2d_hls_fu_1392/grp_y26_conv2d_hls_Pipeline_VITIS_LOOP_1827_38_fu_10021/mul_32s_32s_64_2_1_U2892/tmp_product__0 multiplier stage bd_i/y26_conv_top_0/inst/grp_y26_conv2d_hls_fu_1392/grp_y26_conv2d_hls_Pipeline_VITIS_LOOP_1827_38_fu_10021/mul_32s_32s_64_2_1_U2892/tmp_product__0/P[47:0] is not pipelined (MREG=0). Pipelining the multiplier function will improve performance and will save significant power so it is suggested whenever possible to fully pipeline this function.  If this multiplier was inferred, it is suggested to describe an additional register stage after this function.  If there is no registered adder/accumulator following the multiply function, two pipeline stages are suggested to allow both the MREG and PREG registers to be used.  If the DSP48 was instantiated in the design, it is suggested to set both the MREG and PREG attributes to 1 when performing multiply functions.
Related violations: <none>

DPOP-4#55 Warning
MREG Output pipelining  
DSP bd_i/y26_conv_top_0/inst/grp_y26_conv2d_hls_fu_1392/grp_y26_conv2d_hls_Pipeline_VITIS_LOOP_1827_38_fu_10021/mul_32s_32s_64_2_1_U2893/buff0_reg multiplier stage bd_i/y26_conv_top_0/inst/grp_y26_conv2d_hls_fu_1392/grp_y26_conv2d_hls_Pipeline_VITIS_LOOP_1827_38_fu_10021/mul_32s_32s_64_2_1_U2893/buff0_reg/P[47:0] is not pipelined (MREG=0). Pipelining the multiplier function will improve performance and will save significant power so it is suggested whenever possible to fully pipeline this function.  If this multiplier was inferred, it is suggested to describe an additional register stage after this function.  If there is no registered adder/accumulator following the multiply function, two pipeline stages are suggested to allow both the MREG and PREG registers to be used.  If the DSP48 was instantiated in the design, it is suggested to set both the MREG and PREG attributes to 1 when performing multiply functions.
Related violations: <none>

DPOP-4#56 Warning
MREG Output pipelining  
DSP bd_i/y26_conv_top_0/inst/grp_y26_conv2d_hls_fu_1392/grp_y26_conv2d_hls_Pipeline_VITIS_LOOP_1827_38_fu_10021/mul_32s_32s_64_2_1_U2893/buff0_reg__0 multiplier stage bd_i/y26_conv_top_0/inst/grp_y26_conv2d_hls_fu_1392/grp_y26_conv2d_hls_Pipeline_VITIS_LOOP_1827_38_fu_10021/mul_32s_32s_64_2_1_U2893/buff0_reg__0/P[47:0] is not pipelined (MREG=0). Pipelining the multiplier function will improve performance and will save significant power so it is suggested whenever possible to fully pipeline this function.  If this multiplier was inferred, it is suggested to describe an additional register stage after this function.  If there is no registered adder/accumulator following the multiply function, two pipeline stages are suggested to allow both the MREG and PREG registers to be used.  If the DSP48 was instantiated in the design, it is suggested to set both the MREG and PREG attributes to 1 when performing multiply functions.
Related violations: <none>

DPOP-4#57 Warning
MREG Output pipelining  
DSP bd_i/y26_conv_top_0/inst/grp_y26_conv2d_hls_fu_1392/grp_y26_conv2d_hls_Pipeline_VITIS_LOOP_1827_38_fu_10021/mul_32s_32s_64_2_1_U2893/tmp_product multiplier stage bd_i/y26_conv_top_0/inst/grp_y26_conv2d_hls_fu_1392/grp_y26_conv2d_hls_Pipeline_VITIS_LOOP_1827_38_fu_10021/mul_32s_32s_64_2_1_U2893/tmp_product/P[47:0] is not pipelined (MREG=0). Pipelining the multiplier function will improve performance and will save significant power so it is suggested whenever possible to fully pipeline this function.  If this multiplier was inferred, it is suggested to describe an additional register stage after this function.  If there is no registered adder/accumulator following the multiply function, two pipeline stages are suggested to allow both the MREG and PREG registers to be used.  If the DSP48 was instantiated in the design, it is suggested to set both the MREG and PREG attributes to 1 when performing multiply functions.
Related violations: <none>

DPOP-4#58 Warning
MREG Output pipelining  
DSP bd_i/y26_conv_top_0/inst/grp_y26_conv2d_hls_fu_1392/grp_y26_conv2d_hls_Pipeline_VITIS_LOOP_1827_38_fu_10021/mul_32s_32s_64_2_1_U2893/tmp_product__0 multiplier stage bd_i/y26_conv_top_0/inst/grp_y26_conv2d_hls_fu_1392/grp_y26_conv2d_hls_Pipeline_VITIS_LOOP_1827_38_fu_10021/mul_32s_32s_64_2_1_U2893/tmp_product__0/P[47:0] is not pipelined (MREG=0). Pipelining the multiplier function will improve performance and will save significant power so it is suggested whenever possible to fully pipeline this function.  If this multiplier was inferred, it is suggested to describe an additional register stage after this function.  If there is no registered adder/accumulator following the multiply function, two pipeline stages are suggested to allow both the MREG and PREG registers to be used.  If the DSP48 was instantiated in the design, it is suggested to set both the MREG and PREG attributes to 1 when performing multiply functions.
Related violations: <none>

DPOP-4#59 Warning
MREG Output pipelining  
DSP bd_i/y26_conv_top_0/inst/grp_y26_conv2d_hls_fu_1392/grp_y26_conv2d_hls_Pipeline_VITIS_LOOP_1827_38_fu_10021/mul_32s_32s_64_2_1_U2894/buff0_reg multiplier stage bd_i/y26_conv_top_0/inst/grp_y26_conv2d_hls_fu_1392/grp_y26_conv2d_hls_Pipeline_VITIS_LOOP_1827_38_fu_10021/mul_32s_32s_64_2_1_U2894/buff0_reg/P[47:0] is not pipelined (MREG=0). Pipelining the multiplier function will improve performance and will save significant power so it is suggested whenever possible to fully pipeline this function.  If this multiplier was inferred, it is suggested to describe an additional register stage after this function.  If there is no registered adder/accumulator following the multiply function, two pipeline stages are suggested to allow both the MREG and PREG registers to be used.  If the DSP48 was instantiated in the design, it is suggested to set both the MREG and PREG attributes to 1 when performing multiply functions.
Related violations: <none>

DPOP-4#60 Warning
MREG Output pipelining  
DSP bd_i/y26_conv_top_0/inst/grp_y26_conv2d_hls_fu_1392/grp_y26_conv2d_hls_Pipeline_VITIS_LOOP_1827_38_fu_10021/mul_32s_32s_64_2_1_U2894/buff0_reg__0 multiplier stage bd_i/y26_conv_top_0/inst/grp_y26_conv2d_hls_fu_1392/grp_y26_conv2d_hls_Pipeline_VITIS_LOOP_1827_38_fu_10021/mul_32s_32s_64_2_1_U2894/buff0_reg__0/P[47:0] is not pipelined (MREG=0). Pipelining the multiplier function will improve performance and will save significant power so it is suggested whenever possible to fully pipeline this function.  If this multiplier was inferred, it is suggested to describe an additional register stage after this function.  If there is no registered adder/accumulator following the multiply function, two pipeline stages are suggested to allow both the MREG and PREG registers to be used.  If the DSP48 was instantiated in the design, it is suggested to set both the MREG and PREG attributes to 1 when performing multiply functions.
Related violations: <none>

DPOP-4#61 Warning
MREG Output pipelining  
DSP bd_i/y26_conv_top_0/inst/grp_y26_conv2d_hls_fu_1392/grp_y26_conv2d_hls_Pipeline_VITIS_LOOP_1827_38_fu_10021/mul_32s_32s_64_2_1_U2894/tmp_product multiplier stage bd_i/y26_conv_top_0/inst/grp_y26_conv2d_hls_fu_1392/grp_y26_conv2d_hls_Pipeline_VITIS_LOOP_1827_38_fu_10021/mul_32s_32s_64_2_1_U2894/tmp_product/P[47:0] is not pipelined (MREG=0). Pipelining the multiplier function will improve performance and will save significant power so it is suggested whenever possible to fully pipeline this function.  If this multiplier was inferred, it is suggested to describe an additional register stage after this function.  If there is no registered adder/accumulator following the multiply function, two pipeline stages are suggested to allow both the MREG and PREG registers to be used.  If the DSP48 was instantiated in the design, it is suggested to set both the MREG and PREG attributes to 1 when performing multiply functions.
Related violations: <none>

DPOP-4#62 Warning
MREG Output pipelining  
DSP bd_i/y26_conv_top_0/inst/grp_y26_conv2d_hls_fu_1392/grp_y26_conv2d_hls_Pipeline_VITIS_LOOP_1827_38_fu_10021/mul_32s_32s_64_2_1_U2894/tmp_product__0 multiplier stage bd_i/y26_conv_top_0/inst/grp_y26_conv2d_hls_fu_1392/grp_y26_conv2d_hls_Pipeline_VITIS_LOOP_1827_38_fu_10021/mul_32s_32s_64_2_1_U2894/tmp_product__0/P[47:0] is not pipelined (MREG=0). Pipelining the multiplier function will improve performance and will save significant power so it is suggested whenever possible to fully pipeline this function.  If this multiplier was inferred, it is suggested to describe an additional register stage after this function.  If there is no registered adder/accumulator following the multiply function, two pipeline stages are suggested to allow both the MREG and PREG registers to be used.  If the DSP48 was instantiated in the design, it is suggested to set both the MREG and PREG attributes to 1 when performing multiply functions.
Related violations: <none>

DPOP-4#63 Warning
MREG Output pipelining  
DSP bd_i/y26_conv_top_0/inst/grp_y26_conv2d_hls_fu_1392/grp_y26_conv2d_hls_Pipeline_VITIS_LOOP_1827_38_fu_10021/mul_32s_32s_64_2_1_U2895/buff0_reg multiplier stage bd_i/y26_conv_top_0/inst/grp_y26_conv2d_hls_fu_1392/grp_y26_conv2d_hls_Pipeline_VITIS_LOOP_1827_38_fu_10021/mul_32s_32s_64_2_1_U2895/buff0_reg/P[47:0] is not pipelined (MREG=0). Pipelining the multiplier function will improve performance and will save significant power so it is suggested whenever possible to fully pipeline this function.  If this multiplier was inferred, it is suggested to describe an additional register stage after this function.  If there is no registered adder/accumulator following the multiply function, two pipeline stages are suggested to allow both the MREG and PREG registers to be used.  If the DSP48 was instantiated in the design, it is suggested to set both the MREG and PREG attributes to 1 when performing multiply functions.
Related violations: <none>

DPOP-4#64 Warning
MREG Output pipelining  
DSP bd_i/y26_conv_top_0/inst/grp_y26_conv2d_hls_fu_1392/grp_y26_conv2d_hls_Pipeline_VITIS_LOOP_1827_38_fu_10021/mul_32s_32s_64_2_1_U2895/buff0_reg__0 multiplier stage bd_i/y26_conv_top_0/inst/grp_y26_conv2d_hls_fu_1392/grp_y26_conv2d_hls_Pipeline_VITIS_LOOP_1827_38_fu_10021/mul_32s_32s_64_2_1_U2895/buff0_reg__0/P[47:0] is not pipelined (MREG=0). Pipelining the multiplier function will improve performance and will save significant power so it is suggested whenever possible to fully pipeline this function.  If this multiplier was inferred, it is suggested to describe an additional register stage after this function.  If there is no registered adder/accumulator following the multiply function, two pipeline stages are suggested to allow both the MREG and PREG registers to be used.  If the DSP48 was instantiated in the design, it is suggested to set both the MREG and PREG attributes to 1 when performing multiply functions.
Related violations: <none>

DPOP-4#65 Warning
MREG Output pipelining  
DSP bd_i/y26_conv_top_0/inst/grp_y26_conv2d_hls_fu_1392/grp_y26_conv2d_hls_Pipeline_VITIS_LOOP_1827_38_fu_10021/mul_32s_32s_64_2_1_U2895/tmp_product multiplier stage bd_i/y26_conv_top_0/inst/grp_y26_conv2d_hls_fu_1392/grp_y26_conv2d_hls_Pipeline_VITIS_LOOP_1827_38_fu_10021/mul_32s_32s_64_2_1_U2895/tmp_product/P[47:0] is not pipelined (MREG=0). Pipelining the multiplier function will improve performance and will save significant power so it is suggested whenever possible to fully pipeline this function.  If this multiplier was inferred, it is suggested to describe an additional register stage after this function.  If there is no registered adder/accumulator following the multiply function, two pipeline stages are suggested to allow both the MREG and PREG registers to be used.  If the DSP48 was instantiated in the design, it is suggested to set both the MREG and PREG attributes to 1 when performing multiply functions.
Related violations: <none>

DPOP-4#66 Warning
MREG Output pipelining  
DSP bd_i/y26_conv_top_0/inst/grp_y26_conv2d_hls_fu_1392/grp_y26_conv2d_hls_Pipeline_VITIS_LOOP_1827_38_fu_10021/mul_32s_32s_64_2_1_U2895/tmp_product__0 multiplier stage bd_i/y26_conv_top_0/inst/grp_y26_conv2d_hls_fu_1392/grp_y26_conv2d_hls_Pipeline_VITIS_LOOP_1827_38_fu_10021/mul_32s_32s_64_2_1_U2895/tmp_product__0/P[47:0] is not pipelined (MREG=0). Pipelining the multiplier function will improve performance and will save significant power so it is suggested whenever possible to fully pipeline this function.  If this multiplier was inferred, it is suggested to describe an additional register stage after this function.  If there is no registered adder/accumulator following the multiply function, two pipeline stages are suggested to allow both the MREG and PREG registers to be used.  If the DSP48 was instantiated in the design, it is suggested to set both the MREG and PREG attributes to 1 when performing multiply functions.
Related violations: <none>

DPOP-4#67 Warning
MREG Output pipelining  
DSP bd_i/y26_conv_top_0/inst/grp_y26_conv2d_hls_fu_1392/grp_y26_conv2d_hls_Pipeline_VITIS_LOOP_1827_38_fu_10021/mul_32s_32s_64_2_1_U2896/buff0_reg multiplier stage bd_i/y26_conv_top_0/inst/grp_y26_conv2d_hls_fu_1392/grp_y26_conv2d_hls_Pipeline_VITIS_LOOP_1827_38_fu_10021/mul_32s_32s_64_2_1_U2896/buff0_reg/P[47:0] is not pipelined (MREG=0). Pipelining the multiplier function will improve performance and will save significant power so it is suggested whenever possible to fully pipeline this function.  If this multiplier was inferred, it is suggested to describe an additional register stage after this function.  If there is no registered adder/accumulator following the multiply function, two pipeline stages are suggested to allow both the MREG and PREG registers to be used.  If the DSP48 was instantiated in the design, it is suggested to set both the MREG and PREG attributes to 1 when performing multiply functions.
Related violations: <none>

DPOP-4#68 Warning
MREG Output pipelining  
DSP bd_i/y26_conv_top_0/inst/grp_y26_conv2d_hls_fu_1392/grp_y26_conv2d_hls_Pipeline_VITIS_LOOP_1827_38_fu_10021/mul_32s_32s_64_2_1_U2896/buff0_reg__0 multiplier stage bd_i/y26_conv_top_0/inst/grp_y26_conv2d_hls_fu_1392/grp_y26_conv2d_hls_Pipeline_VITIS_LOOP_1827_38_fu_10021/mul_32s_32s_64_2_1_U2896/buff0_reg__0/P[47:0] is not pipelined (MREG=0). Pipelining the multiplier function will improve performance and will save significant power so it is suggested whenever possible to fully pipeline this function.  If this multiplier was inferred, it is suggested to describe an additional register stage after this function.  If there is no registered adder/accumulator following the multiply function, two pipeline stages are suggested to allow both the MREG and PREG registers to be used.  If the DSP48 was instantiated in the design, it is suggested to set both the MREG and PREG attributes to 1 when performing multiply functions.
Related violations: <none>

DPOP-4#69 Warning
MREG Output pipelining  
DSP bd_i/y26_conv_top_0/inst/grp_y26_conv2d_hls_fu_1392/grp_y26_conv2d_hls_Pipeline_VITIS_LOOP_1827_38_fu_10021/mul_32s_32s_64_2_1_U2896/tmp_product multiplier stage bd_i/y26_conv_top_0/inst/grp_y26_conv2d_hls_fu_1392/grp_y26_conv2d_hls_Pipeline_VITIS_LOOP_1827_38_fu_10021/mul_32s_32s_64_2_1_U2896/tmp_product/P[47:0] is not pipelined (MREG=0). Pipelining the multiplier function will improve performance and will save significant power so it is suggested whenever possible to fully pipeline this function.  If this multiplier was inferred, it is suggested to describe an additional register stage after this function.  If there is no registered adder/accumulator following the multiply function, two pipeline stages are suggested to allow both the MREG and PREG registers to be used.  If the DSP48 was instantiated in the design, it is suggested to set both the MREG and PREG attributes to 1 when performing multiply functions.
Related violations: <none>

DPOP-4#70 Warning
MREG Output pipelining  
DSP bd_i/y26_conv_top_0/inst/grp_y26_conv2d_hls_fu_1392/grp_y26_conv2d_hls_Pipeline_VITIS_LOOP_1827_38_fu_10021/mul_32s_32s_64_2_1_U2896/tmp_product__0 multiplier stage bd_i/y26_conv_top_0/inst/grp_y26_conv2d_hls_fu_1392/grp_y26_conv2d_hls_Pipeline_VITIS_LOOP_1827_38_fu_10021/mul_32s_32s_64_2_1_U2896/tmp_product__0/P[47:0] is not pipelined (MREG=0). Pipelining the multiplier function will improve performance and will save significant power so it is suggested whenever possible to fully pipeline this function.  If this multiplier was inferred, it is suggested to describe an additional register stage after this function.  If there is no registered adder/accumulator following the multiply function, two pipeline stages are suggested to allow both the MREG and PREG registers to be used.  If the DSP48 was instantiated in the design, it is suggested to set both the MREG and PREG attributes to 1 when performing multiply functions.
Related violations: <none>

DPOP-4#71 Warning
MREG Output pipelining  
DSP bd_i/y26_conv_top_0/inst/grp_y26_conv2d_hls_fu_1392/grp_y26_conv2d_hls_Pipeline_VITIS_LOOP_1827_38_fu_10021/mul_32s_32s_64_2_1_U2897/buff0_reg multiplier stage bd_i/y26_conv_top_0/inst/grp_y26_conv2d_hls_fu_1392/grp_y26_conv2d_hls_Pipeline_VITIS_LOOP_1827_38_fu_10021/mul_32s_32s_64_2_1_U2897/buff0_reg/P[47:0] is not pipelined (MREG=0). Pipelining the multiplier function will improve performance and will save significant power so it is suggested whenever possible to fully pipeline this function.  If this multiplier was inferred, it is suggested to describe an additional register stage after this function.  If there is no registered adder/accumulator following the multiply function, two pipeline stages are suggested to allow both the MREG and PREG registers to be used.  If the DSP48 was instantiated in the design, it is suggested to set both the MREG and PREG attributes to 1 when performing multiply functions.
Related violations: <none>

DPOP-4#72 Warning
MREG Output pipelining  
DSP bd_i/y26_conv_top_0/inst/grp_y26_conv2d_hls_fu_1392/grp_y26_conv2d_hls_Pipeline_VITIS_LOOP_1827_38_fu_10021/mul_32s_32s_64_2_1_U2897/buff0_reg__0 multiplier stage bd_i/y26_conv_top_0/inst/grp_y26_conv2d_hls_fu_1392/grp_y26_conv2d_hls_Pipeline_VITIS_LOOP_1827_38_fu_10021/mul_32s_32s_64_2_1_U2897/buff0_reg__0/P[47:0] is not pipelined (MREG=0). Pipelining the multiplier function will improve performance and will save significant power so it is suggested whenever possible to fully pipeline this function.  If this multiplier was inferred, it is suggested to describe an additional register stage after this function.  If there is no registered adder/accumulator following the multiply function, two pipeline stages are suggested to allow both the MREG and PREG registers to be used.  If the DSP48 was instantiated in the design, it is suggested to set both the MREG and PREG attributes to 1 when performing multiply functions.
Related violations: <none>

DPOP-4#73 Warning
MREG Output pipelining  
DSP bd_i/y26_conv_top_0/inst/grp_y26_conv2d_hls_fu_1392/grp_y26_conv2d_hls_Pipeline_VITIS_LOOP_1827_38_fu_10021/mul_32s_32s_64_2_1_U2897/tmp_product multiplier stage bd_i/y26_conv_top_0/inst/grp_y26_conv2d_hls_fu_1392/grp_y26_conv2d_hls_Pipeline_VITIS_LOOP_1827_38_fu_10021/mul_32s_32s_64_2_1_U2897/tmp_product/P[47:0] is not pipelined (MREG=0). Pipelining the multiplier function will improve performance and will save significant power so it is suggested whenever possible to fully pipeline this function.  If this multiplier was inferred, it is suggested to describe an additional register stage after this function.  If there is no registered adder/accumulator following the multiply function, two pipeline stages are suggested to allow both the MREG and PREG registers to be used.  If the DSP48 was instantiated in the design, it is suggested to set both the MREG and PREG attributes to 1 when performing multiply functions.
Related violations: <none>

DPOP-4#74 Warning
MREG Output pipelining  
DSP bd_i/y26_conv_top_0/inst/grp_y26_conv2d_hls_fu_1392/grp_y26_conv2d_hls_Pipeline_VITIS_LOOP_1827_38_fu_10021/mul_32s_32s_64_2_1_U2897/tmp_product__0 multiplier stage bd_i/y26_conv_top_0/inst/grp_y26_conv2d_hls_fu_1392/grp_y26_conv2d_hls_Pipeline_VITIS_LOOP_1827_38_fu_10021/mul_32s_32s_64_2_1_U2897/tmp_product__0/P[47:0] is not pipelined (MREG=0). Pipelining the multiplier function will improve performance and will save significant power so it is suggested whenever possible to fully pipeline this function.  If this multiplier was inferred, it is suggested to describe an additional register stage after this function.  If there is no registered adder/accumulator following the multiply function, two pipeline stages are suggested to allow both the MREG and PREG registers to be used.  If the DSP48 was instantiated in the design, it is suggested to set both the MREG and PREG attributes to 1 when performing multiply functions.
Related violations: <none>

DPOP-4#75 Warning
MREG Output pipelining  
DSP bd_i/y26_conv_top_0/inst/grp_y26_conv2d_hls_fu_1392/grp_y26_conv2d_hls_Pipeline_VITIS_LOOP_1827_38_fu_10021/mul_32s_32s_64_2_1_U2898/buff0_reg multiplier stage bd_i/y26_conv_top_0/inst/grp_y26_conv2d_hls_fu_1392/grp_y26_conv2d_hls_Pipeline_VITIS_LOOP_1827_38_fu_10021/mul_32s_32s_64_2_1_U2898/buff0_reg/P[47:0] is not pipelined (MREG=0). Pipelining the multiplier function will improve performance and will save significant power so it is suggested whenever possible to fully pipeline this function.  If this multiplier was inferred, it is suggested to describe an additional register stage after this function.  If there is no registered adder/accumulator following the multiply function, two pipeline stages are suggested to allow both the MREG and PREG registers to be used.  If the DSP48 was instantiated in the design, it is suggested to set both the MREG and PREG attributes to 1 when performing multiply functions.
Related violations: <none>

DPOP-4#76 Warning
MREG Output pipelining  
DSP bd_i/y26_conv_top_0/inst/grp_y26_conv2d_hls_fu_1392/grp_y26_conv2d_hls_Pipeline_VITIS_LOOP_1827_38_fu_10021/mul_32s_32s_64_2_1_U2898/buff0_reg__0 multiplier stage bd_i/y26_conv_top_0/inst/grp_y26_conv2d_hls_fu_1392/grp_y26_conv2d_hls_Pipeline_VITIS_LOOP_1827_38_fu_10021/mul_32s_32s_64_2_1_U2898/buff0_reg__0/P[47:0] is not pipelined (MREG=0). Pipelining the multiplier function will improve performance and will save significant power so it is suggested whenever possible to fully pipeline this function.  If this multiplier was inferred, it is suggested to describe an additional register stage after this function.  If there is no registered adder/accumulator following the multiply function, two pipeline stages are suggested to allow both the MREG and PREG registers to be used.  If the DSP48 was instantiated in the design, it is suggested to set both the MREG and PREG attributes to 1 when performing multiply functions.
Related violations: <none>

DPOP-4#77 Warning
MREG Output pipelining  
DSP bd_i/y26_conv_top_0/inst/grp_y26_conv2d_hls_fu_1392/grp_y26_conv2d_hls_Pipeline_VITIS_LOOP_1827_38_fu_10021/mul_32s_32s_64_2_1_U2898/tmp_product multiplier stage bd_i/y26_conv_top_0/inst/grp_y26_conv2d_hls_fu_1392/grp_y26_conv2d_hls_Pipeline_VITIS_LOOP_1827_38_fu_10021/mul_32s_32s_64_2_1_U2898/tmp_product/P[47:0] is not pipelined (MREG=0). Pipelining the multiplier function will improve performance and will save significant power so it is suggested whenever possible to fully pipeline this function.  If this multiplier was inferred, it is suggested to describe an additional register stage after this function.  If there is no registered adder/accumulator following the multiply function, two pipeline stages are suggested to allow both the MREG and PREG registers to be used.  If the DSP48 was instantiated in the design, it is suggested to set both the MREG and PREG attributes to 1 when performing multiply functions.
Related violations: <none>

DPOP-4#78 Warning
MREG Output pipelining  
DSP bd_i/y26_conv_top_0/inst/grp_y26_conv2d_hls_fu_1392/grp_y26_conv2d_hls_Pipeline_VITIS_LOOP_1827_38_fu_10021/mul_32s_32s_64_2_1_U2898/tmp_product__0 multiplier stage bd_i/y26_conv_top_0/inst/grp_y26_conv2d_hls_fu_1392/grp_y26_conv2d_hls_Pipeline_VITIS_LOOP_1827_38_fu_10021/mul_32s_32s_64_2_1_U2898/tmp_product__0/P[47:0] is not pipelined (MREG=0). Pipelining the multiplier function will improve performance and will save significant power so it is suggested whenever possible to fully pipeline this function.  If this multiplier was inferred, it is suggested to describe an additional register stage after this function.  If there is no registered adder/accumulator following the multiply function, two pipeline stages are suggested to allow both the MREG and PREG registers to be used.  If the DSP48 was instantiated in the design, it is suggested to set both the MREG and PREG attributes to 1 when performing multiply functions.
Related violations: <none>

DPOP-4#79 Warning
MREG Output pipelining  
DSP bd_i/y26_conv_top_0/inst/grp_y26_conv2d_hls_fu_1392/grp_y26_conv2d_hls_Pipeline_VITIS_LOOP_1827_38_fu_10021/mul_32s_32s_64_2_1_U2899/buff0_reg multiplier stage bd_i/y26_conv_top_0/inst/grp_y26_conv2d_hls_fu_1392/grp_y26_conv2d_hls_Pipeline_VITIS_LOOP_1827_38_fu_10021/mul_32s_32s_64_2_1_U2899/buff0_reg/P[47:0] is not pipelined (MREG=0). Pipelining the multiplier function will improve performance and will save significant power so it is suggested whenever possible to fully pipeline this function.  If this multiplier was inferred, it is suggested to describe an additional register stage after this function.  If there is no registered adder/accumulator following the multiply function, two pipeline stages are suggested to allow both the MREG and PREG registers to be used.  If the DSP48 was instantiated in the design, it is suggested to set both the MREG and PREG attributes to 1 when performing multiply functions.
Related violations: <none>

DPOP-4#80 Warning
MREG Output pipelining  
DSP bd_i/y26_conv_top_0/inst/grp_y26_conv2d_hls_fu_1392/grp_y26_conv2d_hls_Pipeline_VITIS_LOOP_1827_38_fu_10021/mul_32s_32s_64_2_1_U2899/buff0_reg__0 multiplier stage bd_i/y26_conv_top_0/inst/grp_y26_conv2d_hls_fu_1392/grp_y26_conv2d_hls_Pipeline_VITIS_LOOP_1827_38_fu_10021/mul_32s_32s_64_2_1_U2899/buff0_reg__0/P[47:0] is not pipelined (MREG=0). Pipelining the multiplier function will improve performance and will save significant power so it is suggested whenever possible to fully pipeline this function.  If this multiplier was inferred, it is suggested to describe an additional register stage after this function.  If there is no registered adder/accumulator following the multiply function, two pipeline stages are suggested to allow both the MREG and PREG registers to be used.  If the DSP48 was instantiated in the design, it is suggested to set both the MREG and PREG attributes to 1 when performing multiply functions.
Related violations: <none>

DPOP-4#81 Warning
MREG Output pipelining  
DSP bd_i/y26_conv_top_0/inst/grp_y26_conv2d_hls_fu_1392/grp_y26_conv2d_hls_Pipeline_VITIS_LOOP_1827_38_fu_10021/mul_32s_32s_64_2_1_U2899/tmp_product multiplier stage bd_i/y26_conv_top_0/inst/grp_y26_conv2d_hls_fu_1392/grp_y26_conv2d_hls_Pipeline_VITIS_LOOP_1827_38_fu_10021/mul_32s_32s_64_2_1_U2899/tmp_product/P[47:0] is not pipelined (MREG=0). Pipelining the multiplier function will improve performance and will save significant power so it is suggested whenever possible to fully pipeline this function.  If this multiplier was inferred, it is suggested to describe an additional register stage after this function.  If there is no registered adder/accumulator following the multiply function, two pipeline stages are suggested to allow both the MREG and PREG registers to be used.  If the DSP48 was instantiated in the design, it is suggested to set both the MREG and PREG attributes to 1 when performing multiply functions.
Related violations: <none>

DPOP-4#82 Warning
MREG Output pipelining  
DSP bd_i/y26_conv_top_0/inst/grp_y26_conv2d_hls_fu_1392/grp_y26_conv2d_hls_Pipeline_VITIS_LOOP_1827_38_fu_10021/mul_32s_32s_64_2_1_U2899/tmp_product__0 multiplier stage bd_i/y26_conv_top_0/inst/grp_y26_conv2d_hls_fu_1392/grp_y26_conv2d_hls_Pipeline_VITIS_LOOP_1827_38_fu_10021/mul_32s_32s_64_2_1_U2899/tmp_product__0/P[47:0] is not pipelined (MREG=0). Pipelining the multiplier function will improve performance and will save significant power so it is suggested whenever possible to fully pipeline this function.  If this multiplier was inferred, it is suggested to describe an additional register stage after this function.  If there is no registered adder/accumulator following the multiply function, two pipeline stages are suggested to allow both the MREG and PREG registers to be used.  If the DSP48 was instantiated in the design, it is suggested to set both the MREG and PREG attributes to 1 when performing multiply functions.
Related violations: <none>

DPOP-4#83 Warning
MREG Output pipelining  
DSP bd_i/y26_conv_top_0/inst/grp_y26_conv2d_hls_fu_1392/grp_y26_conv2d_hls_Pipeline_VITIS_LOOP_1827_38_fu_10021/mul_48s_32s_80_3_1_U2900/buff0_reg multiplier stage bd_i/y26_conv_top_0/inst/grp_y26_conv2d_hls_fu_1392/grp_y26_conv2d_hls_Pipeline_VITIS_LOOP_1827_38_fu_10021/mul_48s_32s_80_3_1_U2900/buff0_reg/P[47:0] is not pipelined (MREG=0). Pipelining the multiplier function will improve performance and will save significant power so it is suggested whenever possible to fully pipeline this function.  If this multiplier was inferred, it is suggested to describe an additional register stage after this function.  If there is no registered adder/accumulator following the multiply function, two pipeline stages are suggested to allow both the MREG and PREG registers to be used.  If the DSP48 was instantiated in the design, it is suggested to set both the MREG and PREG attributes to 1 when performing multiply functions.
Related violations: <none>

DPOP-4#84 Warning
MREG Output pipelining  
DSP bd_i/y26_conv_top_0/inst/grp_y26_conv2d_hls_fu_1392/grp_y26_conv2d_hls_Pipeline_VITIS_LOOP_1827_38_fu_10021/mul_48s_32s_80_3_1_U2900/buff0_reg__0 multiplier stage bd_i/y26_conv_top_0/inst/grp_y26_conv2d_hls_fu_1392/grp_y26_conv2d_hls_Pipeline_VITIS_LOOP_1827_38_fu_10021/mul_48s_32s_80_3_1_U2900/buff0_reg__0/P[47:0] is not pipelined (MREG=0). Pipelining the multiplier function will improve performance and will save significant power so it is suggested whenever possible to fully pipeline this function.  If this multiplier was inferred, it is suggested to describe an additional register stage after this function.  If there is no registered adder/accumulator following the multiply function, two pipeline stages are suggested to allow both the MREG and PREG registers to be used.  If the DSP48 was instantiated in the design, it is suggested to set both the MREG and PREG attributes to 1 when performing multiply functions.
Related violations: <none>

DPOP-4#85 Warning
MREG Output pipelining  
DSP bd_i/y26_conv_top_0/inst/grp_y26_conv2d_hls_fu_1392/grp_y26_conv2d_hls_Pipeline_VITIS_LOOP_1827_38_fu_10021/mul_48s_32s_80_3_1_U2900/buff0_reg__1 multiplier stage bd_i/y26_conv_top_0/inst/grp_y26_conv2d_hls_fu_1392/grp_y26_conv2d_hls_Pipeline_VITIS_LOOP_1827_38_fu_10021/mul_48s_32s_80_3_1_U2900/buff0_reg__1/P[47:0] is not pipelined (MREG=0). Pipelining the multiplier function will improve performance and will save significant power so it is suggested whenever possible to fully pipeline this function.  If this multiplier was inferred, it is suggested to describe an additional register stage after this function.  If there is no registered adder/accumulator following the multiply function, two pipeline stages are suggested to allow both the MREG and PREG registers to be used.  If the DSP48 was instantiated in the design, it is suggested to set both the MREG and PREG attributes to 1 when performing multiply functions.
Related violations: <none>

DPOP-4#86 Warning
MREG Output pipelining  
DSP bd_i/y26_conv_top_0/inst/grp_y26_conv2d_hls_fu_1392/grp_y26_conv2d_hls_Pipeline_VITIS_LOOP_1827_38_fu_10021/mul_48s_32s_80_3_1_U2900/tmp_product multiplier stage bd_i/y26_conv_top_0/inst/grp_y26_conv2d_hls_fu_1392/grp_y26_conv2d_hls_Pipeline_VITIS_LOOP_1827_38_fu_10021/mul_48s_32s_80_3_1_U2900/tmp_product/P[47:0] is not pipelined (MREG=0). Pipelining the multiplier function will improve performance and will save significant power so it is suggested whenever possible to fully pipeline this function.  If this multiplier was inferred, it is suggested to describe an additional register stage after this function.  If there is no registered adder/accumulator following the multiply function, two pipeline stages are suggested to allow both the MREG and PREG registers to be used.  If the DSP48 was instantiated in the design, it is suggested to set both the MREG and PREG attributes to 1 when performing multiply functions.
Related violations: <none>

DPOP-4#87 Warning
MREG Output pipelining  
DSP bd_i/y26_conv_top_0/inst/grp_y26_conv2d_hls_fu_1392/grp_y26_conv2d_hls_Pipeline_VITIS_LOOP_1827_38_fu_10021/mul_48s_32s_80_3_1_U2900/tmp_product__0 multiplier stage bd_i/y26_conv_top_0/inst/grp_y26_conv2d_hls_fu_1392/grp_y26_conv2d_hls_Pipeline_VITIS_LOOP_1827_38_fu_10021/mul_48s_32s_80_3_1_U2900/tmp_product__0/P[47:0] is not pipelined (MREG=0). Pipelining the multiplier function will improve performance and will save significant power so it is suggested whenever possible to fully pipeline this function.  If this multiplier was inferred, it is suggested to describe an additional register stage after this function.  If there is no registered adder/accumulator following the multiply function, two pipeline stages are suggested to allow both the MREG and PREG registers to be used.  If the DSP48 was instantiated in the design, it is suggested to set both the MREG and PREG attributes to 1 when performing multiply functions.
Related violations: <none>

DPOP-4#88 Warning
MREG Output pipelining  
DSP bd_i/y26_conv_top_0/inst/grp_y26_conv2d_hls_fu_1392/grp_y26_conv2d_hls_Pipeline_VITIS_LOOP_1827_38_fu_10021/mul_48s_32s_80_3_1_U2900/tmp_product__1 multiplier stage bd_i/y26_conv_top_0/inst/grp_y26_conv2d_hls_fu_1392/grp_y26_conv2d_hls_Pipeline_VITIS_LOOP_1827_38_fu_10021/mul_48s_32s_80_3_1_U2900/tmp_product__1/P[47:0] is not pipelined (MREG=0). Pipelining the multiplier function will improve performance and will save significant power so it is suggested whenever possible to fully pipeline this function.  If this multiplier was inferred, it is suggested to describe an additional register stage after this function.  If there is no registered adder/accumulator following the multiply function, two pipeline stages are suggested to allow both the MREG and PREG registers to be used.  If the DSP48 was instantiated in the design, it is suggested to set both the MREG and PREG attributes to 1 when performing multiply functions.
Related violations: <none>

DPOP-4#89 Warning
MREG Output pipelining  
DSP bd_i/y26_conv_top_0/inst/grp_y26_conv2d_hls_fu_1392/grp_y26_conv2d_hls_Pipeline_VITIS_LOOP_1827_38_fu_10021/mul_48s_32s_80_3_1_U2901/buff0_reg multiplier stage bd_i/y26_conv_top_0/inst/grp_y26_conv2d_hls_fu_1392/grp_y26_conv2d_hls_Pipeline_VITIS_LOOP_1827_38_fu_10021/mul_48s_32s_80_3_1_U2901/buff0_reg/P[47:0] is not pipelined (MREG=0). Pipelining the multiplier function will improve performance and will save significant power so it is suggested whenever possible to fully pipeline this function.  If this multiplier was inferred, it is suggested to describe an additional register stage after this function.  If there is no registered adder/accumulator following the multiply function, two pipeline stages are suggested to allow both the MREG and PREG registers to be used.  If the DSP48 was instantiated in the design, it is suggested to set both the MREG and PREG attributes to 1 when performing multiply functions.
Related violations: <none>

DPOP-4#90 Warning
MREG Output pipelining  
DSP bd_i/y26_conv_top_0/inst/grp_y26_conv2d_hls_fu_1392/grp_y26_conv2d_hls_Pipeline_VITIS_LOOP_1827_38_fu_10021/mul_48s_32s_80_3_1_U2901/buff0_reg__0 multiplier stage bd_i/y26_conv_top_0/inst/grp_y26_conv2d_hls_fu_1392/grp_y26_conv2d_hls_Pipeline_VITIS_LOOP_1827_38_fu_10021/mul_48s_32s_80_3_1_U2901/buff0_reg__0/P[47:0] is not pipelined (MREG=0). Pipelining the multiplier function will improve performance and will save significant power so it is suggested whenever possible to fully pipeline this function.  If this multiplier was inferred, it is suggested to describe an additional register stage after this function.  If there is no registered adder/accumulator following the multiply function, two pipeline stages are suggested to allow both the MREG and PREG registers to be used.  If the DSP48 was instantiated in the design, it is suggested to set both the MREG and PREG attributes to 1 when performing multiply functions.
Related violations: <none>

DPOP-4#91 Warning
MREG Output pipelining  
DSP bd_i/y26_conv_top_0/inst/grp_y26_conv2d_hls_fu_1392/grp_y26_conv2d_hls_Pipeline_VITIS_LOOP_1827_38_fu_10021/mul_48s_32s_80_3_1_U2901/buff0_reg__1 multiplier stage bd_i/y26_conv_top_0/inst/grp_y26_conv2d_hls_fu_1392/grp_y26_conv2d_hls_Pipeline_VITIS_LOOP_1827_38_fu_10021/mul_48s_32s_80_3_1_U2901/buff0_reg__1/P[47:0] is not pipelined (MREG=0). Pipelining the multiplier function will improve performance and will save significant power so it is suggested whenever possible to fully pipeline this function.  If this multiplier was inferred, it is suggested to describe an additional register stage after this function.  If there is no registered adder/accumulator following the multiply function, two pipeline stages are suggested to allow both the MREG and PREG registers to be used.  If the DSP48 was instantiated in the design, it is suggested to set both the MREG and PREG attributes to 1 when performing multiply functions.
Related violations: <none>

DPOP-4#92 Warning
MREG Output pipelining  
DSP bd_i/y26_conv_top_0/inst/grp_y26_conv2d_hls_fu_1392/grp_y26_conv2d_hls_Pipeline_VITIS_LOOP_1827_38_fu_10021/mul_48s_32s_80_3_1_U2901/tmp_product multiplier stage bd_i/y26_conv_top_0/inst/grp_y26_conv2d_hls_fu_1392/grp_y26_conv2d_hls_Pipeline_VITIS_LOOP_1827_38_fu_10021/mul_48s_32s_80_3_1_U2901/tmp_product/P[47:0] is not pipelined (MREG=0). Pipelining the multiplier function will improve performance and will save significant power so it is suggested whenever possible to fully pipeline this function.  If this multiplier was inferred, it is suggested to describe an additional register stage after this function.  If there is no registered adder/accumulator following the multiply function, two pipeline stages are suggested to allow both the MREG and PREG registers to be used.  If the DSP48 was instantiated in the design, it is suggested to set both the MREG and PREG attributes to 1 when performing multiply functions.
Related violations: <none>

DPOP-4#93 Warning
MREG Output pipelining  
DSP bd_i/y26_conv_top_0/inst/grp_y26_conv2d_hls_fu_1392/grp_y26_conv2d_hls_Pipeline_VITIS_LOOP_1827_38_fu_10021/mul_48s_32s_80_3_1_U2901/tmp_product__0 multiplier stage bd_i/y26_conv_top_0/inst/grp_y26_conv2d_hls_fu_1392/grp_y26_conv2d_hls_Pipeline_VITIS_LOOP_1827_38_fu_10021/mul_48s_32s_80_3_1_U2901/tmp_product__0/P[47:0] is not pipelined (MREG=0). Pipelining the multiplier function will improve performance and will save significant power so it is suggested whenever possible to fully pipeline this function.  If this multiplier was inferred, it is suggested to describe an additional register stage after this function.  If there is no registered adder/accumulator following the multiply function, two pipeline stages are suggested to allow both the MREG and PREG registers to be used.  If the DSP48 was instantiated in the design, it is suggested to set both the MREG and PREG attributes to 1 when performing multiply functions.
Related violations: <none>

DPOP-4#94 Warning
MREG Output pipelining  
DSP bd_i/y26_conv_top_0/inst/grp_y26_conv2d_hls_fu_1392/grp_y26_conv2d_hls_Pipeline_VITIS_LOOP_1827_38_fu_10021/mul_48s_32s_80_3_1_U2901/tmp_product__1 multiplier stage bd_i/y26_conv_top_0/inst/grp_y26_conv2d_hls_fu_1392/grp_y26_conv2d_hls_Pipeline_VITIS_LOOP_1827_38_fu_10021/mul_48s_32s_80_3_1_U2901/tmp_product__1/P[47:0] is not pipelined (MREG=0). Pipelining the multiplier function will improve performance and will save significant power so it is suggested whenever possible to fully pipeline this function.  If this multiplier was inferred, it is suggested to describe an additional register stage after this function.  If there is no registered adder/accumulator following the multiply function, two pipeline stages are suggested to allow both the MREG and PREG registers to be used.  If the DSP48 was instantiated in the design, it is suggested to set both the MREG and PREG attributes to 1 when performing multiply functions.
Related violations: <none>

DPOP-4#95 Warning
MREG Output pipelining  
DSP bd_i/y26_conv_top_0/inst/grp_y26_conv2d_hls_fu_1392/grp_y26_conv2d_hls_Pipeline_VITIS_LOOP_1827_38_fu_10021/mul_48s_32s_80_3_1_U2902/buff0_reg multiplier stage bd_i/y26_conv_top_0/inst/grp_y26_conv2d_hls_fu_1392/grp_y26_conv2d_hls_Pipeline_VITIS_LOOP_1827_38_fu_10021/mul_48s_32s_80_3_1_U2902/buff0_reg/P[47:0] is not pipelined (MREG=0). Pipelining the multiplier function will improve performance and will save significant power so it is suggested whenever possible to fully pipeline this function.  If this multiplier was inferred, it is suggested to describe an additional register stage after this function.  If there is no registered adder/accumulator following the multiply function, two pipeline stages are suggested to allow both the MREG and PREG registers to be used.  If the DSP48 was instantiated in the design, it is suggested to set both the MREG and PREG attributes to 1 when performing multiply functions.
Related violations: <none>

DPOP-4#96 Warning
MREG Output pipelining  
DSP bd_i/y26_conv_top_0/inst/grp_y26_conv2d_hls_fu_1392/grp_y26_conv2d_hls_Pipeline_VITIS_LOOP_1827_38_fu_10021/mul_48s_32s_80_3_1_U2902/buff0_reg__0 multiplier stage bd_i/y26_conv_top_0/inst/grp_y26_conv2d_hls_fu_1392/grp_y26_conv2d_hls_Pipeline_VITIS_LOOP_1827_38_fu_10021/mul_48s_32s_80_3_1_U2902/buff0_reg__0/P[47:0] is not pipelined (MREG=0). Pipelining the multiplier function will improve performance and will save significant power so it is suggested whenever possible to fully pipeline this function.  If this multiplier was inferred, it is suggested to describe an additional register stage after this function.  If there is no registered adder/accumulator following the multiply function, two pipeline stages are suggested to allow both the MREG and PREG registers to be used.  If the DSP48 was instantiated in the design, it is suggested to set both the MREG and PREG attributes to 1 when performing multiply functions.
Related violations: <none>

DPOP-4#97 Warning
MREG Output pipelining  
DSP bd_i/y26_conv_top_0/inst/grp_y26_conv2d_hls_fu_1392/grp_y26_conv2d_hls_Pipeline_VITIS_LOOP_1827_38_fu_10021/mul_48s_32s_80_3_1_U2902/buff0_reg__1 multiplier stage bd_i/y26_conv_top_0/inst/grp_y26_conv2d_hls_fu_1392/grp_y26_conv2d_hls_Pipeline_VITIS_LOOP_1827_38_fu_10021/mul_48s_32s_80_3_1_U2902/buff0_reg__1/P[47:0] is not pipelined (MREG=0). Pipelining the multiplier function will improve performance and will save significant power so it is suggested whenever possible to fully pipeline this function.  If this multiplier was inferred, it is suggested to describe an additional register stage after this function.  If there is no registered adder/accumulator following the multiply function, two pipeline stages are suggested to allow both the MREG and PREG registers to be used.  If the DSP48 was instantiated in the design, it is suggested to set both the MREG and PREG attributes to 1 when performing multiply functions.
Related violations: <none>

DPOP-4#98 Warning
MREG Output pipelining  
DSP bd_i/y26_conv_top_0/inst/grp_y26_conv2d_hls_fu_1392/grp_y26_conv2d_hls_Pipeline_VITIS_LOOP_1827_38_fu_10021/mul_48s_32s_80_3_1_U2902/tmp_product multiplier stage bd_i/y26_conv_top_0/inst/grp_y26_conv2d_hls_fu_1392/grp_y26_conv2d_hls_Pipeline_VITIS_LOOP_1827_38_fu_10021/mul_48s_32s_80_3_1_U2902/tmp_product/P[47:0] is not pipelined (MREG=0). Pipelining the multiplier function will improve performance and will save significant power so it is suggested whenever possible to fully pipeline this function.  If this multiplier was inferred, it is suggested to describe an additional register stage after this function.  If there is no registered adder/accumulator following the multiply function, two pipeline stages are suggested to allow both the MREG and PREG registers to be used.  If the DSP48 was instantiated in the design, it is suggested to set both the MREG and PREG attributes to 1 when performing multiply functions.
Related violations: <none>

DPOP-4#99 Warning
MREG Output pipelining  
DSP bd_i/y26_conv_top_0/inst/grp_y26_conv2d_hls_fu_1392/grp_y26_conv2d_hls_Pipeline_VITIS_LOOP_1827_38_fu_10021/mul_48s_32s_80_3_1_U2902/tmp_product__0 multiplier stage bd_i/y26_conv_top_0/inst/grp_y26_conv2d_hls_fu_1392/grp_y26_conv2d_hls_Pipeline_VITIS_LOOP_1827_38_fu_10021/mul_48s_32s_80_3_1_U2902/tmp_product__0/P[47:0] is not pipelined (MREG=0). Pipelining the multiplier function will improve performance and will save significant power so it is suggested whenever possible to fully pipeline this function.  If this multiplier was inferred, it is suggested to describe an additional register stage after this function.  If there is no registered adder/accumulator following the multiply function, two pipeline stages are suggested to allow both the MREG and PREG registers to be used.  If the DSP48 was instantiated in the design, it is suggested to set both the MREG and PREG attributes to 1 when performing multiply functions.
Related violations: <none>

DPOP-4#100 Warning
MREG Output pipelining  
DSP bd_i/y26_conv_top_0/inst/grp_y26_conv2d_hls_fu_1392/grp_y26_conv2d_hls_Pipeline_VITIS_LOOP_1827_38_fu_10021/mul_48s_32s_80_3_1_U2902/tmp_product__1 multiplier stage bd_i/y26_conv_top_0/inst/grp_y26_conv2d_hls_fu_1392/grp_y26_conv2d_hls_Pipeline_VITIS_LOOP_1827_38_fu_10021/mul_48s_32s_80_3_1_U2902/tmp_product__1/P[47:0] is not pipelined (MREG=0). Pipelining the multiplier function will improve performance and will save significant power so it is suggested whenever possible to fully pipeline this function.  If this multiplier was inferred, it is suggested to describe an additional register stage after this function.  If there is no registered adder/accumulator following the multiply function, two pipeline stages are suggested to allow both the MREG and PREG registers to be used.  If the DSP48 was instantiated in the design, it is suggested to set both the MREG and PREG attributes to 1 when performing multiply functions.
Related violations: <none>

DPOP-4#101 Warning
MREG Output pipelining  
DSP bd_i/y26_conv_top_0/inst/grp_y26_conv2d_hls_fu_1392/grp_y26_conv2d_hls_Pipeline_VITIS_LOOP_1827_38_fu_10021/mul_48s_32s_80_3_1_U2903/buff0_reg multiplier stage bd_i/y26_conv_top_0/inst/grp_y26_conv2d_hls_fu_1392/grp_y26_conv2d_hls_Pipeline_VITIS_LOOP_1827_38_fu_10021/mul_48s_32s_80_3_1_U2903/buff0_reg/P[47:0] is not pipelined (MREG=0). Pipelining the multiplier function will improve performance and will save significant power so it is suggested whenever possible to fully pipeline this function.  If this multiplier was inferred, it is suggested to describe an additional register stage after this function.  If there is no registered adder/accumulator following the multiply function, two pipeline stages are suggested to allow both the MREG and PREG registers to be used.  If the DSP48 was instantiated in the design, it is suggested to set both the MREG and PREG attributes to 1 when performing multiply functions.
Related violations: <none>

DPOP-4#102 Warning
MREG Output pipelining  
DSP bd_i/y26_conv_top_0/inst/grp_y26_conv2d_hls_fu_1392/grp_y26_conv2d_hls_Pipeline_VITIS_LOOP_1827_38_fu_10021/mul_48s_32s_80_3_1_U2903/buff0_reg__0 multiplier stage bd_i/y26_conv_top_0/inst/grp_y26_conv2d_hls_fu_1392/grp_y26_conv2d_hls_Pipeline_VITIS_LOOP_1827_38_fu_10021/mul_48s_32s_80_3_1_U2903/buff0_reg__0/P[47:0] is not pipelined (MREG=0). Pipelining the multiplier function will improve performance and will save significant power so it is suggested whenever possible to fully pipeline this function.  If this multiplier was inferred, it is suggested to describe an additional register stage after this function.  If there is no registered adder/accumulator following the multiply function, two pipeline stages are suggested to allow both the MREG and PREG registers to be used.  If the DSP48 was instantiated in the design, it is suggested to set both the MREG and PREG attributes to 1 when performing multiply functions.
Related violations: <none>

DPOP-4#103 Warning
MREG Output pipelining  
DSP bd_i/y26_conv_top_0/inst/grp_y26_conv2d_hls_fu_1392/grp_y26_conv2d_hls_Pipeline_VITIS_LOOP_1827_38_fu_10021/mul_48s_32s_80_3_1_U2903/buff0_reg__1 multiplier stage bd_i/y26_conv_top_0/inst/grp_y26_conv2d_hls_fu_1392/grp_y26_conv2d_hls_Pipeline_VITIS_LOOP_1827_38_fu_10021/mul_48s_32s_80_3_1_U2903/buff0_reg__1/P[47:0] is not pipelined (MREG=0). Pipelining the multiplier function will improve performance and will save significant power so it is suggested whenever possible to fully pipeline this function.  If this multiplier was inferred, it is suggested to describe an additional register stage after this function.  If there is no registered adder/accumulator following the multiply function, two pipeline stages are suggested to allow both the MREG and PREG registers to be used.  If the DSP48 was instantiated in the design, it is suggested to set both the MREG and PREG attributes to 1 when performing multiply functions.
Related violations: <none>

DPOP-4#104 Warning
MREG Output pipelining  
DSP bd_i/y26_conv_top_0/inst/grp_y26_conv2d_hls_fu_1392/grp_y26_conv2d_hls_Pipeline_VITIS_LOOP_1827_38_fu_10021/mul_48s_32s_80_3_1_U2903/tmp_product multiplier stage bd_i/y26_conv_top_0/inst/grp_y26_conv2d_hls_fu_1392/grp_y26_conv2d_hls_Pipeline_VITIS_LOOP_1827_38_fu_10021/mul_48s_32s_80_3_1_U2903/tmp_product/P[47:0] is not pipelined (MREG=0). Pipelining the multiplier function will improve performance and will save significant power so it is suggested whenever possible to fully pipeline this function.  If this multiplier was inferred, it is suggested to describe an additional register stage after this function.  If there is no registered adder/accumulator following the multiply function, two pipeline stages are suggested to allow both the MREG and PREG registers to be used.  If the DSP48 was instantiated in the design, it is suggested to set both the MREG and PREG attributes to 1 when performing multiply functions.
Related violations: <none>

DPOP-4#105 Warning
MREG Output pipelining  
DSP bd_i/y26_conv_top_0/inst/grp_y26_conv2d_hls_fu_1392/grp_y26_conv2d_hls_Pipeline_VITIS_LOOP_1827_38_fu_10021/mul_48s_32s_80_3_1_U2903/tmp_product__0 multiplier stage bd_i/y26_conv_top_0/inst/grp_y26_conv2d_hls_fu_1392/grp_y26_conv2d_hls_Pipeline_VITIS_LOOP_1827_38_fu_10021/mul_48s_32s_80_3_1_U2903/tmp_product__0/P[47:0] is not pipelined (MREG=0). Pipelining the multiplier function will improve performance and will save significant power so it is suggested whenever possible to fully pipeline this function.  If this multiplier was inferred, it is suggested to describe an additional register stage after this function.  If there is no registered adder/accumulator following the multiply function, two pipeline stages are suggested to allow both the MREG and PREG registers to be used.  If the DSP48 was instantiated in the design, it is suggested to set both the MREG and PREG attributes to 1 when performing multiply functions.
Related violations: <none>

DPOP-4#106 Warning
MREG Output pipelining  
DSP bd_i/y26_conv_top_0/inst/grp_y26_conv2d_hls_fu_1392/grp_y26_conv2d_hls_Pipeline_VITIS_LOOP_1827_38_fu_10021/mul_48s_32s_80_3_1_U2903/tmp_product__1 multiplier stage bd_i/y26_conv_top_0/inst/grp_y26_conv2d_hls_fu_1392/grp_y26_conv2d_hls_Pipeline_VITIS_LOOP_1827_38_fu_10021/mul_48s_32s_80_3_1_U2903/tmp_product__1/P[47:0] is not pipelined (MREG=0). Pipelining the multiplier function will improve performance and will save significant power so it is suggested whenever possible to fully pipeline this function.  If this multiplier was inferred, it is suggested to describe an additional register stage after this function.  If there is no registered adder/accumulator following the multiply function, two pipeline stages are suggested to allow both the MREG and PREG registers to be used.  If the DSP48 was instantiated in the design, it is suggested to set both the MREG and PREG attributes to 1 when performing multiply functions.
Related violations: <none>

DPOP-4#107 Warning
MREG Output pipelining  
DSP bd_i/y26_conv_top_0/inst/grp_y26_conv2d_hls_fu_1392/grp_y26_conv2d_hls_Pipeline_VITIS_LOOP_1827_38_fu_10021/mul_48s_32s_80_3_1_U2904/buff0_reg multiplier stage bd_i/y26_conv_top_0/inst/grp_y26_conv2d_hls_fu_1392/grp_y26_conv2d_hls_Pipeline_VITIS_LOOP_1827_38_fu_10021/mul_48s_32s_80_3_1_U2904/buff0_reg/P[47:0] is not pipelined (MREG=0). Pipelining the multiplier function will improve performance and will save significant power so it is suggested whenever possible to fully pipeline this function.  If this multiplier was inferred, it is suggested to describe an additional register stage after this function.  If there is no registered adder/accumulator following the multiply function, two pipeline stages are suggested to allow both the MREG and PREG registers to be used.  If the DSP48 was instantiated in the design, it is suggested to set both the MREG and PREG attributes to 1 when performing multiply functions.
Related violations: <none>

DPOP-4#108 Warning
MREG Output pipelining  
DSP bd_i/y26_conv_top_0/inst/grp_y26_conv2d_hls_fu_1392/grp_y26_conv2d_hls_Pipeline_VITIS_LOOP_1827_38_fu_10021/mul_48s_32s_80_3_1_U2904/buff0_reg__0 multiplier stage bd_i/y26_conv_top_0/inst/grp_y26_conv2d_hls_fu_1392/grp_y26_conv2d_hls_Pipeline_VITIS_LOOP_1827_38_fu_10021/mul_48s_32s_80_3_1_U2904/buff0_reg__0/P[47:0] is not pipelined (MREG=0). Pipelining the multiplier function will improve performance and will save significant power so it is suggested whenever possible to fully pipeline this function.  If this multiplier was inferred, it is suggested to describe an additional register stage after this function.  If there is no registered adder/accumulator following the multiply function, two pipeline stages are suggested to allow both the MREG and PREG registers to be used.  If the DSP48 was instantiated in the design, it is suggested to set both the MREG and PREG attributes to 1 when performing multiply functions.
Related violations: <none>

DPOP-4#109 Warning
MREG Output pipelining  
DSP bd_i/y26_conv_top_0/inst/grp_y26_conv2d_hls_fu_1392/grp_y26_conv2d_hls_Pipeline_VITIS_LOOP_1827_38_fu_10021/mul_48s_32s_80_3_1_U2904/buff0_reg__1 multiplier stage bd_i/y26_conv_top_0/inst/grp_y26_conv2d_hls_fu_1392/grp_y26_conv2d_hls_Pipeline_VITIS_LOOP_1827_38_fu_10021/mul_48s_32s_80_3_1_U2904/buff0_reg__1/P[47:0] is not pipelined (MREG=0). Pipelining the multiplier function will improve performance and will save significant power so it is suggested whenever possible to fully pipeline this function.  If this multiplier was inferred, it is suggested to describe an additional register stage after this function.  If there is no registered adder/accumulator following the multiply function, two pipeline stages are suggested to allow both the MREG and PREG registers to be used.  If the DSP48 was instantiated in the design, it is suggested to set both the MREG and PREG attributes to 1 when performing multiply functions.
Related violations: <none>

DPOP-4#110 Warning
MREG Output pipelining  
DSP bd_i/y26_conv_top_0/inst/grp_y26_conv2d_hls_fu_1392/grp_y26_conv2d_hls_Pipeline_VITIS_LOOP_1827_38_fu_10021/mul_48s_32s_80_3_1_U2904/tmp_product multiplier stage bd_i/y26_conv_top_0/inst/grp_y26_conv2d_hls_fu_1392/grp_y26_conv2d_hls_Pipeline_VITIS_LOOP_1827_38_fu_10021/mul_48s_32s_80_3_1_U2904/tmp_product/P[47:0] is not pipelined (MREG=0). Pipelining the multiplier function will improve performance and will save significant power so it is suggested whenever possible to fully pipeline this function.  If this multiplier was inferred, it is suggested to describe an additional register stage after this function.  If there is no registered adder/accumulator following the multiply function, two pipeline stages are suggested to allow both the MREG and PREG registers to be used.  If the DSP48 was instantiated in the design, it is suggested to set both the MREG and PREG attributes to 1 when performing multiply functions.
Related violations: <none>

DPOP-4#111 Warning
MREG Output pipelining  
DSP bd_i/y26_conv_top_0/inst/grp_y26_conv2d_hls_fu_1392/grp_y26_conv2d_hls_Pipeline_VITIS_LOOP_1827_38_fu_10021/mul_48s_32s_80_3_1_U2904/tmp_product__0 multiplier stage bd_i/y26_conv_top_0/inst/grp_y26_conv2d_hls_fu_1392/grp_y26_conv2d_hls_Pipeline_VITIS_LOOP_1827_38_fu_10021/mul_48s_32s_80_3_1_U2904/tmp_product__0/P[47:0] is not pipelined (MREG=0). Pipelining the multiplier function will improve performance and will save significant power so it is suggested whenever possible to fully pipeline this function.  If this multiplier was inferred, it is suggested to describe an additional register stage after this function.  If there is no registered adder/accumulator following the multiply function, two pipeline stages are suggested to allow both the MREG and PREG registers to be used.  If the DSP48 was instantiated in the design, it is suggested to set both the MREG and PREG attributes to 1 when performing multiply functions.
Related violations: <none>

DPOP-4#112 Warning
MREG Output pipelining  
DSP bd_i/y26_conv_top_0/inst/grp_y26_conv2d_hls_fu_1392/grp_y26_conv2d_hls_Pipeline_VITIS_LOOP_1827_38_fu_10021/mul_48s_32s_80_3_1_U2904/tmp_product__1 multiplier stage bd_i/y26_conv_top_0/inst/grp_y26_conv2d_hls_fu_1392/grp_y26_conv2d_hls_Pipeline_VITIS_LOOP_1827_38_fu_10021/mul_48s_32s_80_3_1_U2904/tmp_product__1/P[47:0] is not pipelined (MREG=0). Pipelining the multiplier function will improve performance and will save significant power so it is suggested whenever possible to fully pipeline this function.  If this multiplier was inferred, it is suggested to describe an additional register stage after this function.  If there is no registered adder/accumulator following the multiply function, two pipeline stages are suggested to allow both the MREG and PREG registers to be used.  If the DSP48 was instantiated in the design, it is suggested to set both the MREG and PREG attributes to 1 when performing multiply functions.
Related violations: <none>

DPOP-4#113 Warning
MREG Output pipelining  
DSP bd_i/y26_conv_top_0/inst/grp_y26_conv2d_hls_fu_1392/grp_y26_conv2d_hls_Pipeline_VITIS_LOOP_1827_38_fu_10021/mul_48s_32s_80_3_1_U2905/buff0_reg multiplier stage bd_i/y26_conv_top_0/inst/grp_y26_conv2d_hls_fu_1392/grp_y26_conv2d_hls_Pipeline_VITIS_LOOP_1827_38_fu_10021/mul_48s_32s_80_3_1_U2905/buff0_reg/P[47:0] is not pipelined (MREG=0). Pipelining the multiplier function will improve performance and will save significant power so it is suggested whenever possible to fully pipeline this function.  If this multiplier was inferred, it is suggested to describe an additional register stage after this function.  If there is no registered adder/accumulator following the multiply function, two pipeline stages are suggested to allow both the MREG and PREG registers to be used.  If the DSP48 was instantiated in the design, it is suggested to set both the MREG and PREG attributes to 1 when performing multiply functions.
Related violations: <none>

DPOP-4#114 Warning
MREG Output pipelining  
DSP bd_i/y26_conv_top_0/inst/grp_y26_conv2d_hls_fu_1392/grp_y26_conv2d_hls_Pipeline_VITIS_LOOP_1827_38_fu_10021/mul_48s_32s_80_3_1_U2905/buff0_reg__0 multiplier stage bd_i/y26_conv_top_0/inst/grp_y26_conv2d_hls_fu_1392/grp_y26_conv2d_hls_Pipeline_VITIS_LOOP_1827_38_fu_10021/mul_48s_32s_80_3_1_U2905/buff0_reg__0/P[47:0] is not pipelined (MREG=0). Pipelining the multiplier function will improve performance and will save significant power so it is suggested whenever possible to fully pipeline this function.  If this multiplier was inferred, it is suggested to describe an additional register stage after this function.  If there is no registered adder/accumulator following the multiply function, two pipeline stages are suggested to allow both the MREG and PREG registers to be used.  If the DSP48 was instantiated in the design, it is suggested to set both the MREG and PREG attributes to 1 when performing multiply functions.
Related violations: <none>

DPOP-4#115 Warning
MREG Output pipelining  
DSP bd_i/y26_conv_top_0/inst/grp_y26_conv2d_hls_fu_1392/grp_y26_conv2d_hls_Pipeline_VITIS_LOOP_1827_38_fu_10021/mul_48s_32s_80_3_1_U2905/buff0_reg__1 multiplier stage bd_i/y26_conv_top_0/inst/grp_y26_conv2d_hls_fu_1392/grp_y26_conv2d_hls_Pipeline_VITIS_LOOP_1827_38_fu_10021/mul_48s_32s_80_3_1_U2905/buff0_reg__1/P[47:0] is not pipelined (MREG=0). Pipelining the multiplier function will improve performance and will save significant power so it is suggested whenever possible to fully pipeline this function.  If this multiplier was inferred, it is suggested to describe an additional register stage after this function.  If there is no registered adder/accumulator following the multiply function, two pipeline stages are suggested to allow both the MREG and PREG registers to be used.  If the DSP48 was instantiated in the design, it is suggested to set both the MREG and PREG attributes to 1 when performing multiply functions.
Related violations: <none>

DPOP-4#116 Warning
MREG Output pipelining  
DSP bd_i/y26_conv_top_0/inst/grp_y26_conv2d_hls_fu_1392/grp_y26_conv2d_hls_Pipeline_VITIS_LOOP_1827_38_fu_10021/mul_48s_32s_80_3_1_U2905/tmp_product multiplier stage bd_i/y26_conv_top_0/inst/grp_y26_conv2d_hls_fu_1392/grp_y26_conv2d_hls_Pipeline_VITIS_LOOP_1827_38_fu_10021/mul_48s_32s_80_3_1_U2905/tmp_product/P[47:0] is not pipelined (MREG=0). Pipelining the multiplier function will improve performance and will save significant power so it is suggested whenever possible to fully pipeline this function.  If this multiplier was inferred, it is suggested to describe an additional register stage after this function.  If there is no registered adder/accumulator following the multiply function, two pipeline stages are suggested to allow both the MREG and PREG registers to be used.  If the DSP48 was instantiated in the design, it is suggested to set both the MREG and PREG attributes to 1 when performing multiply functions.
Related violations: <none>

DPOP-4#117 Warning
MREG Output pipelining  
DSP bd_i/y26_conv_top_0/inst/grp_y26_conv2d_hls_fu_1392/grp_y26_conv2d_hls_Pipeline_VITIS_LOOP_1827_38_fu_10021/mul_48s_32s_80_3_1_U2905/tmp_product__0 multiplier stage bd_i/y26_conv_top_0/inst/grp_y26_conv2d_hls_fu_1392/grp_y26_conv2d_hls_Pipeline_VITIS_LOOP_1827_38_fu_10021/mul_48s_32s_80_3_1_U2905/tmp_product__0/P[47:0] is not pipelined (MREG=0). Pipelining the multiplier function will improve performance and will save significant power so it is suggested whenever possible to fully pipeline this function.  If this multiplier was inferred, it is suggested to describe an additional register stage after this function.  If there is no registered adder/accumulator following the multiply function, two pipeline stages are suggested to allow both the MREG and PREG registers to be used.  If the DSP48 was instantiated in the design, it is suggested to set both the MREG and PREG attributes to 1 when performing multiply functions.
Related violations: <none>

DPOP-4#118 Warning
MREG Output pipelining  
DSP bd_i/y26_conv_top_0/inst/grp_y26_conv2d_hls_fu_1392/grp_y26_conv2d_hls_Pipeline_VITIS_LOOP_1827_38_fu_10021/mul_48s_32s_80_3_1_U2905/tmp_product__1 multiplier stage bd_i/y26_conv_top_0/inst/grp_y26_conv2d_hls_fu_1392/grp_y26_conv2d_hls_Pipeline_VITIS_LOOP_1827_38_fu_10021/mul_48s_32s_80_3_1_U2905/tmp_product__1/P[47:0] is not pipelined (MREG=0). Pipelining the multiplier function will improve performance and will save significant power so it is suggested whenever possible to fully pipeline this function.  If this multiplier was inferred, it is suggested to describe an additional register stage after this function.  If there is no registered adder/accumulator following the multiply function, two pipeline stages are suggested to allow both the MREG and PREG registers to be used.  If the DSP48 was instantiated in the design, it is suggested to set both the MREG and PREG attributes to 1 when performing multiply functions.
Related violations: <none>

DPOP-4#119 Warning
MREG Output pipelining  
DSP bd_i/y26_conv_top_0/inst/grp_y26_conv2d_hls_fu_1392/grp_y26_conv2d_hls_Pipeline_VITIS_LOOP_1827_38_fu_10021/mul_48s_32s_80_3_1_U2906/buff0_reg multiplier stage bd_i/y26_conv_top_0/inst/grp_y26_conv2d_hls_fu_1392/grp_y26_conv2d_hls_Pipeline_VITIS_LOOP_1827_38_fu_10021/mul_48s_32s_80_3_1_U2906/buff0_reg/P[47:0] is not pipelined (MREG=0). Pipelining the multiplier function will improve performance and will save significant power so it is suggested whenever possible to fully pipeline this function.  If this multiplier was inferred, it is suggested to describe an additional register stage after this function.  If there is no registered adder/accumulator following the multiply function, two pipeline stages are suggested to allow both the MREG and PREG registers to be used.  If the DSP48 was instantiated in the design, it is suggested to set both the MREG and PREG attributes to 1 when performing multiply functions.
Related violations: <none>

DPOP-4#120 Warning
MREG Output pipelining  
DSP bd_i/y26_conv_top_0/inst/grp_y26_conv2d_hls_fu_1392/grp_y26_conv2d_hls_Pipeline_VITIS_LOOP_1827_38_fu_10021/mul_48s_32s_80_3_1_U2906/buff0_reg__0 multiplier stage bd_i/y26_conv_top_0/inst/grp_y26_conv2d_hls_fu_1392/grp_y26_conv2d_hls_Pipeline_VITIS_LOOP_1827_38_fu_10021/mul_48s_32s_80_3_1_U2906/buff0_reg__0/P[47:0] is not pipelined (MREG=0). Pipelining the multiplier function will improve performance and will save significant power so it is suggested whenever possible to fully pipeline this function.  If this multiplier was inferred, it is suggested to describe an additional register stage after this function.  If there is no registered adder/accumulator following the multiply function, two pipeline stages are suggested to allow both the MREG and PREG registers to be used.  If the DSP48 was instantiated in the design, it is suggested to set both the MREG and PREG attributes to 1 when performing multiply functions.
Related violations: <none>

DPOP-4#121 Warning
MREG Output pipelining  
DSP bd_i/y26_conv_top_0/inst/grp_y26_conv2d_hls_fu_1392/grp_y26_conv2d_hls_Pipeline_VITIS_LOOP_1827_38_fu_10021/mul_48s_32s_80_3_1_U2906/buff0_reg__1 multiplier stage bd_i/y26_conv_top_0/inst/grp_y26_conv2d_hls_fu_1392/grp_y26_conv2d_hls_Pipeline_VITIS_LOOP_1827_38_fu_10021/mul_48s_32s_80_3_1_U2906/buff0_reg__1/P[47:0] is not pipelined (MREG=0). Pipelining the multiplier function will improve performance and will save significant power so it is suggested whenever possible to fully pipeline this function.  If this multiplier was inferred, it is suggested to describe an additional register stage after this function.  If there is no registered adder/accumulator following the multiply function, two pipeline stages are suggested to allow both the MREG and PREG registers to be used.  If the DSP48 was instantiated in the design, it is suggested to set both the MREG and PREG attributes to 1 when performing multiply functions.
Related violations: <none>

DPOP-4#122 Warning
MREG Output pipelining  
DSP bd_i/y26_conv_top_0/inst/grp_y26_conv2d_hls_fu_1392/grp_y26_conv2d_hls_Pipeline_VITIS_LOOP_1827_38_fu_10021/mul_48s_32s_80_3_1_U2906/tmp_product multiplier stage bd_i/y26_conv_top_0/inst/grp_y26_conv2d_hls_fu_1392/grp_y26_conv2d_hls_Pipeline_VITIS_LOOP_1827_38_fu_10021/mul_48s_32s_80_3_1_U2906/tmp_product/P[47:0] is not pipelined (MREG=0). Pipelining the multiplier function will improve performance and will save significant power so it is suggested whenever possible to fully pipeline this function.  If this multiplier was inferred, it is suggested to describe an additional register stage after this function.  If there is no registered adder/accumulator following the multiply function, two pipeline stages are suggested to allow both the MREG and PREG registers to be used.  If the DSP48 was instantiated in the design, it is suggested to set both the MREG and PREG attributes to 1 when performing multiply functions.
Related violations: <none>

DPOP-4#123 Warning
MREG Output pipelining  
DSP bd_i/y26_conv_top_0/inst/grp_y26_conv2d_hls_fu_1392/grp_y26_conv2d_hls_Pipeline_VITIS_LOOP_1827_38_fu_10021/mul_48s_32s_80_3_1_U2906/tmp_product__0 multiplier stage bd_i/y26_conv_top_0/inst/grp_y26_conv2d_hls_fu_1392/grp_y26_conv2d_hls_Pipeline_VITIS_LOOP_1827_38_fu_10021/mul_48s_32s_80_3_1_U2906/tmp_product__0/P[47:0] is not pipelined (MREG=0). Pipelining the multiplier function will improve performance and will save significant power so it is suggested whenever possible to fully pipeline this function.  If this multiplier was inferred, it is suggested to describe an additional register stage after this function.  If there is no registered adder/accumulator following the multiply function, two pipeline stages are suggested to allow both the MREG and PREG registers to be used.  If the DSP48 was instantiated in the design, it is suggested to set both the MREG and PREG attributes to 1 when performing multiply functions.
Related violations: <none>

DPOP-4#124 Warning
MREG Output pipelining  
DSP bd_i/y26_conv_top_0/inst/grp_y26_conv2d_hls_fu_1392/grp_y26_conv2d_hls_Pipeline_VITIS_LOOP_1827_38_fu_10021/mul_48s_32s_80_3_1_U2906/tmp_product__1 multiplier stage bd_i/y26_conv_top_0/inst/grp_y26_conv2d_hls_fu_1392/grp_y26_conv2d_hls_Pipeline_VITIS_LOOP_1827_38_fu_10021/mul_48s_32s_80_3_1_U2906/tmp_product__1/P[47:0] is not pipelined (MREG=0). Pipelining the multiplier function will improve performance and will save significant power so it is suggested whenever possible to fully pipeline this function.  If this multiplier was inferred, it is suggested to describe an additional register stage after this function.  If there is no registered adder/accumulator following the multiply function, two pipeline stages are suggested to allow both the MREG and PREG registers to be used.  If the DSP48 was instantiated in the design, it is suggested to set both the MREG and PREG attributes to 1 when performing multiply functions.
Related violations: <none>

DPOP-4#125 Warning
MREG Output pipelining  
DSP bd_i/y26_conv_top_0/inst/grp_y26_conv2d_hls_fu_1392/grp_y26_conv2d_hls_Pipeline_VITIS_LOOP_1827_38_fu_10021/mul_48s_32s_80_3_1_U2907/buff0_reg multiplier stage bd_i/y26_conv_top_0/inst/grp_y26_conv2d_hls_fu_1392/grp_y26_conv2d_hls_Pipeline_VITIS_LOOP_1827_38_fu_10021/mul_48s_32s_80_3_1_U2907/buff0_reg/P[47:0] is not pipelined (MREG=0). Pipelining the multiplier function will improve performance and will save significant power so it is suggested whenever possible to fully pipeline this function.  If this multiplier was inferred, it is suggested to describe an additional register stage after this function.  If there is no registered adder/accumulator following the multiply function, two pipeline stages are suggested to allow both the MREG and PREG registers to be used.  If the DSP48 was instantiated in the design, it is suggested to set both the MREG and PREG attributes to 1 when performing multiply functions.
Related violations: <none>

DPOP-4#126 Warning
MREG Output pipelining  
DSP bd_i/y26_conv_top_0/inst/grp_y26_conv2d_hls_fu_1392/grp_y26_conv2d_hls_Pipeline_VITIS_LOOP_1827_38_fu_10021/mul_48s_32s_80_3_1_U2907/buff0_reg__0 multiplier stage bd_i/y26_conv_top_0/inst/grp_y26_conv2d_hls_fu_1392/grp_y26_conv2d_hls_Pipeline_VITIS_LOOP_1827_38_fu_10021/mul_48s_32s_80_3_1_U2907/buff0_reg__0/P[47:0] is not pipelined (MREG=0). Pipelining the multiplier function will improve performance and will save significant power so it is suggested whenever possible to fully pipeline this function.  If this multiplier was inferred, it is suggested to describe an additional register stage after this function.  If there is no registered adder/accumulator following the multiply function, two pipeline stages are suggested to allow both the MREG and PREG registers to be used.  If the DSP48 was instantiated in the design, it is suggested to set both the MREG and PREG attributes to 1 when performing multiply functions.
Related violations: <none>

DPOP-4#127 Warning
MREG Output pipelining  
DSP bd_i/y26_conv_top_0/inst/grp_y26_conv2d_hls_fu_1392/grp_y26_conv2d_hls_Pipeline_VITIS_LOOP_1827_38_fu_10021/mul_48s_32s_80_3_1_U2907/buff0_reg__1 multiplier stage bd_i/y26_conv_top_0/inst/grp_y26_conv2d_hls_fu_1392/grp_y26_conv2d_hls_Pipeline_VITIS_LOOP_1827_38_fu_10021/mul_48s_32s_80_3_1_U2907/buff0_reg__1/P[47:0] is not pipelined (MREG=0). Pipelining the multiplier function will improve performance and will save significant power so it is suggested whenever possible to fully pipeline this function.  If this multiplier was inferred, it is suggested to describe an additional register stage after this function.  If there is no registered adder/accumulator following the multiply function, two pipeline stages are suggested to allow both the MREG and PREG registers to be used.  If the DSP48 was instantiated in the design, it is suggested to set both the MREG and PREG attributes to 1 when performing multiply functions.
Related violations: <none>

DPOP-4#128 Warning
MREG Output pipelining  
DSP bd_i/y26_conv_top_0/inst/grp_y26_conv2d_hls_fu_1392/grp_y26_conv2d_hls_Pipeline_VITIS_LOOP_1827_38_fu_10021/mul_48s_32s_80_3_1_U2907/tmp_product multiplier stage bd_i/y26_conv_top_0/inst/grp_y26_conv2d_hls_fu_1392/grp_y26_conv2d_hls_Pipeline_VITIS_LOOP_1827_38_fu_10021/mul_48s_32s_80_3_1_U2907/tmp_product/P[47:0] is not pipelined (MREG=0). Pipelining the multiplier function will improve performance and will save significant power so it is suggested whenever possible to fully pipeline this function.  If this multiplier was inferred, it is suggested to describe an additional register stage after this function.  If there is no registered adder/accumulator following the multiply function, two pipeline stages are suggested to allow both the MREG and PREG registers to be used.  If the DSP48 was instantiated in the design, it is suggested to set both the MREG and PREG attributes to 1 when performing multiply functions.
Related violations: <none>

DPOP-4#129 Warning
MREG Output pipelining  
DSP bd_i/y26_conv_top_0/inst/grp_y26_conv2d_hls_fu_1392/grp_y26_conv2d_hls_Pipeline_VITIS_LOOP_1827_38_fu_10021/mul_48s_32s_80_3_1_U2907/tmp_product__0 multiplier stage bd_i/y26_conv_top_0/inst/grp_y26_conv2d_hls_fu_1392/grp_y26_conv2d_hls_Pipeline_VITIS_LOOP_1827_38_fu_10021/mul_48s_32s_80_3_1_U2907/tmp_product__0/P[47:0] is not pipelined (MREG=0). Pipelining the multiplier function will improve performance and will save significant power so it is suggested whenever possible to fully pipeline this function.  If this multiplier was inferred, it is suggested to describe an additional register stage after this function.  If there is no registered adder/accumulator following the multiply function, two pipeline stages are suggested to allow both the MREG and PREG registers to be used.  If the DSP48 was instantiated in the design, it is suggested to set both the MREG and PREG attributes to 1 when performing multiply functions.
Related violations: <none>

DPOP-4#130 Warning
MREG Output pipelining  
DSP bd_i/y26_conv_top_0/inst/grp_y26_conv2d_hls_fu_1392/grp_y26_conv2d_hls_Pipeline_VITIS_LOOP_1827_38_fu_10021/mul_48s_32s_80_3_1_U2907/tmp_product__1 multiplier stage bd_i/y26_conv_top_0/inst/grp_y26_conv2d_hls_fu_1392/grp_y26_conv2d_hls_Pipeline_VITIS_LOOP_1827_38_fu_10021/mul_48s_32s_80_3_1_U2907/tmp_product__1/P[47:0] is not pipelined (MREG=0). Pipelining the multiplier function will improve performance and will save significant power so it is suggested whenever possible to fully pipeline this function.  If this multiplier was inferred, it is suggested to describe an additional register stage after this function.  If there is no registered adder/accumulator following the multiply function, two pipeline stages are suggested to allow both the MREG and PREG registers to be used.  If the DSP48 was instantiated in the design, it is suggested to set both the MREG and PREG attributes to 1 when performing multiply functions.
Related violations: <none>

DPOP-4#131 Warning
MREG Output pipelining  
DSP bd_i/y26_conv_top_0/inst/grp_y26_conv2d_hls_fu_1392/hw_reg_14359_reg multiplier stage bd_i/y26_conv_top_0/inst/grp_y26_conv2d_hls_fu_1392/hw_reg_14359_reg/P[47:0] is not pipelined (MREG=0). Pipelining the multiplier function will improve performance and will save significant power so it is suggested whenever possible to fully pipeline this function.  If this multiplier was inferred, it is suggested to describe an additional register stage after this function.  If there is no registered adder/accumulator following the multiply function, two pipeline stages are suggested to allow both the MREG and PREG registers to be used.  If the DSP48 was instantiated in the design, it is suggested to set both the MREG and PREG attributes to 1 when performing multiply functions.
Related violations: <none>

DPOP-4#132 Warning
MREG Output pipelining  
DSP bd_i/y26_conv_top_0/inst/grp_y26_conv2d_hls_fu_1392/mul_22s_22s_22_1_1_U3376/tmp_product multiplier stage bd_i/y26_conv_top_0/inst/grp_y26_conv2d_hls_fu_1392/mul_22s_22s_22_1_1_U3376/tmp_product/P[47:0] is not pipelined (MREG=0). Pipelining the multiplier function will improve performance and will save significant power so it is suggested whenever possible to fully pipeline this function.  If this multiplier was inferred, it is suggested to describe an additional register stage after this function.  If there is no registered adder/accumulator following the multiply function, two pipeline stages are suggested to allow both the MREG and PREG registers to be used.  If the DSP48 was instantiated in the design, it is suggested to set both the MREG and PREG attributes to 1 when performing multiply functions.
Related violations: <none>

DPOP-4#133 Warning
MREG Output pipelining  
DSP bd_i/y26_conv_top_0/inst/grp_y26_conv2d_hls_fu_1392/mul_28s_32s_32_2_1_U3377/buff0_reg multiplier stage bd_i/y26_conv_top_0/inst/grp_y26_conv2d_hls_fu_1392/mul_28s_32s_32_2_1_U3377/buff0_reg/P[47:0] is not pipelined (MREG=0). Pipelining the multiplier function will improve performance and will save significant power so it is suggested whenever possible to fully pipeline this function.  If this multiplier was inferred, it is suggested to describe an additional register stage after this function.  If there is no registered adder/accumulator following the multiply function, two pipeline stages are suggested to allow both the MREG and PREG registers to be used.  If the DSP48 was instantiated in the design, it is suggested to set both the MREG and PREG attributes to 1 when performing multiply functions.
Related violations: <none>

DPOP-4#134 Warning
MREG Output pipelining  
DSP bd_i/y26_conv_top_0/inst/grp_y26_conv2d_hls_fu_1392/mul_28s_32s_32_2_1_U3377/tmp_product multiplier stage bd_i/y26_conv_top_0/inst/grp_y26_conv2d_hls_fu_1392/mul_28s_32s_32_2_1_U3377/tmp_product/P[47:0] is not pipelined (MREG=0). Pipelining the multiplier function will improve performance and will save significant power so it is suggested whenever possible to fully pipeline this function.  If this multiplier was inferred, it is suggested to describe an additional register stage after this function.  If there is no registered adder/accumulator following the multiply function, two pipeline stages are suggested to allow both the MREG and PREG registers to be used.  If the DSP48 was instantiated in the design, it is suggested to set both the MREG and PREG attributes to 1 when performing multiply functions.
Related violations: <none>

DPOP-4#135 Warning
MREG Output pipelining  
DSP bd_i/y26_conv_top_0/inst/grp_y26_conv2d_hls_fu_1392/mul_28s_32s_32_2_1_U3377/tmp_product__0 multiplier stage bd_i/y26_conv_top_0/inst/grp_y26_conv2d_hls_fu_1392/mul_28s_32s_32_2_1_U3377/tmp_product__0/P[47:0] is not pipelined (MREG=0). Pipelining the multiplier function will improve performance and will save significant power so it is suggested whenever possible to fully pipeline this function.  If this multiplier was inferred, it is suggested to describe an additional register stage after this function.  If there is no registered adder/accumulator following the multiply function, two pipeline stages are suggested to allow both the MREG and PREG registers to be used.  If the DSP48 was instantiated in the design, it is suggested to set both the MREG and PREG attributes to 1 when performing multiply functions.
Related violations: <none>

DPOP-4#136 Warning
MREG Output pipelining  
DSP bd_i/y26_conv_top_0/inst/grp_y26_conv2d_hls_fu_1392/mul_29s_29s_29_2_1_U3378/buff0_reg multiplier stage bd_i/y26_conv_top_0/inst/grp_y26_conv2d_hls_fu_1392/mul_29s_29s_29_2_1_U3378/buff0_reg/P[47:0] is not pipelined (MREG=0). Pipelining the multiplier function will improve performance and will save significant power so it is suggested whenever possible to fully pipeline this function.  If this multiplier was inferred, it is suggested to describe an additional register stage after this function.  If there is no registered adder/accumulator following the multiply function, two pipeline stages are suggested to allow both the MREG and PREG registers to be used.  If the DSP48 was instantiated in the design, it is suggested to set both the MREG and PREG attributes to 1 when performing multiply functions.
Related violations: <none>

DPOP-4#137 Warning
MREG Output pipelining  
DSP bd_i/y26_conv_top_0/inst/grp_y26_conv2d_hls_fu_1392/mul_29s_29s_29_2_1_U3378/buff0_reg__0 multiplier stage bd_i/y26_conv_top_0/inst/grp_y26_conv2d_hls_fu_1392/mul_29s_29s_29_2_1_U3378/buff0_reg__0/P[47:0] is not pipelined (MREG=0). Pipelining the multiplier function will improve performance and will save significant power so it is suggested whenever possible to fully pipeline this function.  If this multiplier was inferred, it is suggested to describe an additional register stage after this function.  If there is no registered adder/accumulator following the multiply function, two pipeline stages are suggested to allow both the MREG and PREG registers to be used.  If the DSP48 was instantiated in the design, it is suggested to set both the MREG and PREG attributes to 1 when performing multiply functions.
Related violations: <none>

DPOP-4#138 Warning
MREG Output pipelining  
DSP bd_i/y26_conv_top_0/inst/grp_y26_conv2d_hls_fu_1392/mul_29s_29s_29_2_1_U3378/tmp_product multiplier stage bd_i/y26_conv_top_0/inst/grp_y26_conv2d_hls_fu_1392/mul_29s_29s_29_2_1_U3378/tmp_product/P[47:0] is not pipelined (MREG=0). Pipelining the multiplier function will improve performance and will save significant power so it is suggested whenever possible to fully pipeline this function.  If this multiplier was inferred, it is suggested to describe an additional register stage after this function.  If there is no registered adder/accumulator following the multiply function, two pipeline stages are suggested to allow both the MREG and PREG registers to be used.  If the DSP48 was instantiated in the design, it is suggested to set both the MREG and PREG attributes to 1 when performing multiply functions.
Related violations: <none>

DPOP-4#139 Warning
MREG Output pipelining  
DSP bd_i/y26_conv_top_0/inst/grp_y26_conv2d_hls_fu_1392/mul_31ns_15ns_46_2_1_U3379/buff0_reg multiplier stage bd_i/y26_conv_top_0/inst/grp_y26_conv2d_hls_fu_1392/mul_31ns_15ns_46_2_1_U3379/buff0_reg/P[47:0] is not pipelined (MREG=0). Pipelining the multiplier function will improve performance and will save significant power so it is suggested whenever possible to fully pipeline this function.  If this multiplier was inferred, it is suggested to describe an additional register stage after this function.  If there is no registered adder/accumulator following the multiply function, two pipeline stages are suggested to allow both the MREG and PREG registers to be used.  If the DSP48 was instantiated in the design, it is suggested to set both the MREG and PREG attributes to 1 when performing multiply functions.
Related violations: <none>

DPOP-4#140 Warning
MREG Output pipelining  
DSP bd_i/y26_conv_top_0/inst/grp_y26_conv2d_hls_fu_1392/mul_31ns_15ns_46_2_1_U3379/tmp_product multiplier stage bd_i/y26_conv_top_0/inst/grp_y26_conv2d_hls_fu_1392/mul_31ns_15ns_46_2_1_U3379/tmp_product/P[47:0] is not pipelined (MREG=0). Pipelining the multiplier function will improve performance and will save significant power so it is suggested whenever possible to fully pipeline this function.  If this multiplier was inferred, it is suggested to describe an additional register stage after this function.  If there is no registered adder/accumulator following the multiply function, two pipeline stages are suggested to allow both the MREG and PREG registers to be used.  If the DSP48 was instantiated in the design, it is suggested to set both the MREG and PREG attributes to 1 when performing multiply functions.
Related violations: <none>

DPOP-4#141 Warning
MREG Output pipelining  
DSP bd_i/y26_conv_top_0/inst/grp_y26_conv2d_hls_fu_1392/mul_32s_32s_32_2_1_U3380/buff0_reg multiplier stage bd_i/y26_conv_top_0/inst/grp_y26_conv2d_hls_fu_1392/mul_32s_32s_32_2_1_U3380/buff0_reg/P[47:0] is not pipelined (MREG=0). Pipelining the multiplier function will improve performance and will save significant power so it is suggested whenever possible to fully pipeline this function.  If this multiplier was inferred, it is suggested to describe an additional register stage after this function.  If there is no registered adder/accumulator following the multiply function, two pipeline stages are suggested to allow both the MREG and PREG registers to be used.  If the DSP48 was instantiated in the design, it is suggested to set both the MREG and PREG attributes to 1 when performing multiply functions.
Related violations: <none>

DPOP-4#142 Warning
MREG Output pipelining  
DSP bd_i/y26_conv_top_0/inst/grp_y26_conv2d_hls_fu_1392/mul_32s_32s_32_2_1_U3380/tmp_product multiplier stage bd_i/y26_conv_top_0/inst/grp_y26_conv2d_hls_fu_1392/mul_32s_32s_32_2_1_U3380/tmp_product/P[47:0] is not pipelined (MREG=0). Pipelining the multiplier function will improve performance and will save significant power so it is suggested whenever possible to fully pipeline this function.  If this multiplier was inferred, it is suggested to describe an additional register stage after this function.  If there is no registered adder/accumulator following the multiply function, two pipeline stages are suggested to allow both the MREG and PREG registers to be used.  If the DSP48 was instantiated in the design, it is suggested to set both the MREG and PREG attributes to 1 when performing multiply functions.
Related violations: <none>

DPOP-4#143 Warning
MREG Output pipelining  
DSP bd_i/y26_conv_top_0/inst/grp_y26_conv2d_hls_fu_1392/mul_32s_32s_32_2_1_U3380/tmp_product__0 multiplier stage bd_i/y26_conv_top_0/inst/grp_y26_conv2d_hls_fu_1392/mul_32s_32s_32_2_1_U3380/tmp_product__0/P[47:0] is not pipelined (MREG=0). Pipelining the multiplier function will improve performance and will save significant power so it is suggested whenever possible to fully pipeline this function.  If this multiplier was inferred, it is suggested to describe an additional register stage after this function.  If there is no registered adder/accumulator following the multiply function, two pipeline stages are suggested to allow both the MREG and PREG registers to be used.  If the DSP48 was instantiated in the design, it is suggested to set both the MREG and PREG attributes to 1 when performing multiply functions.
Related violations: <none>

DPOP-4#144 Warning
MREG Output pipelining  
DSP bd_i/y26_conv_top_0/inst/grp_y26_conv2d_hls_fu_1392/mul_32s_32s_32_2_1_U3381/buff0_reg multiplier stage bd_i/y26_conv_top_0/inst/grp_y26_conv2d_hls_fu_1392/mul_32s_32s_32_2_1_U3381/buff0_reg/P[47:0] is not pipelined (MREG=0). Pipelining the multiplier function will improve performance and will save significant power so it is suggested whenever possible to fully pipeline this function.  If this multiplier was inferred, it is suggested to describe an additional register stage after this function.  If there is no registered adder/accumulator following the multiply function, two pipeline stages are suggested to allow both the MREG and PREG registers to be used.  If the DSP48 was instantiated in the design, it is suggested to set both the MREG and PREG attributes to 1 when performing multiply functions.
Related violations: <none>

DPOP-4#145 Warning
MREG Output pipelining  
DSP bd_i/y26_conv_top_0/inst/grp_y26_conv2d_hls_fu_1392/mul_32s_32s_32_2_1_U3381/tmp_product multiplier stage bd_i/y26_conv_top_0/inst/grp_y26_conv2d_hls_fu_1392/mul_32s_32s_32_2_1_U3381/tmp_product/P[47:0] is not pipelined (MREG=0). Pipelining the multiplier function will improve performance and will save significant power so it is suggested whenever possible to fully pipeline this function.  If this multiplier was inferred, it is suggested to describe an additional register stage after this function.  If there is no registered adder/accumulator following the multiply function, two pipeline stages are suggested to allow both the MREG and PREG registers to be used.  If the DSP48 was instantiated in the design, it is suggested to set both the MREG and PREG attributes to 1 when performing multiply functions.
Related violations: <none>

DPOP-4#146 Warning
MREG Output pipelining  
DSP bd_i/y26_conv_top_0/inst/grp_y26_conv2d_hls_fu_1392/mul_32s_32s_32_2_1_U3381/tmp_product__0 multiplier stage bd_i/y26_conv_top_0/inst/grp_y26_conv2d_hls_fu_1392/mul_32s_32s_32_2_1_U3381/tmp_product__0/P[47:0] is not pipelined (MREG=0). Pipelining the multiplier function will improve performance and will save significant power so it is suggested whenever possible to fully pipeline this function.  If this multiplier was inferred, it is suggested to describe an additional register stage after this function.  If there is no registered adder/accumulator following the multiply function, two pipeline stages are suggested to allow both the MREG and PREG registers to be used.  If the DSP48 was instantiated in the design, it is suggested to set both the MREG and PREG attributes to 1 when performing multiply functions.
Related violations: <none>

DPOP-4#147 Warning
MREG Output pipelining  
DSP bd_i/y26_conv_top_0/inst/grp_y26_conv2d_hls_fu_1392/mul_32s_32s_32_2_1_U3382/buff0_reg multiplier stage bd_i/y26_conv_top_0/inst/grp_y26_conv2d_hls_fu_1392/mul_32s_32s_32_2_1_U3382/buff0_reg/P[47:0] is not pipelined (MREG=0). Pipelining the multiplier function will improve performance and will save significant power so it is suggested whenever possible to fully pipeline this function.  If this multiplier was inferred, it is suggested to describe an additional register stage after this function.  If there is no registered adder/accumulator following the multiply function, two pipeline stages are suggested to allow both the MREG and PREG registers to be used.  If the DSP48 was instantiated in the design, it is suggested to set both the MREG and PREG attributes to 1 when performing multiply functions.
Related violations: <none>

DPOP-4#148 Warning
MREG Output pipelining  
DSP bd_i/y26_conv_top_0/inst/grp_y26_conv2d_hls_fu_1392/mul_32s_32s_32_2_1_U3382/tmp_product multiplier stage bd_i/y26_conv_top_0/inst/grp_y26_conv2d_hls_fu_1392/mul_32s_32s_32_2_1_U3382/tmp_product/P[47:0] is not pipelined (MREG=0). Pipelining the multiplier function will improve performance and will save significant power so it is suggested whenever possible to fully pipeline this function.  If this multiplier was inferred, it is suggested to describe an additional register stage after this function.  If there is no registered adder/accumulator following the multiply function, two pipeline stages are suggested to allow both the MREG and PREG registers to be used.  If the DSP48 was instantiated in the design, it is suggested to set both the MREG and PREG attributes to 1 when performing multiply functions.
Related violations: <none>

DPOP-4#149 Warning
MREG Output pipelining  
DSP bd_i/y26_conv_top_0/inst/grp_y26_conv2d_hls_fu_1392/mul_32s_32s_32_2_1_U3382/tmp_product__0 multiplier stage bd_i/y26_conv_top_0/inst/grp_y26_conv2d_hls_fu_1392/mul_32s_32s_32_2_1_U3382/tmp_product__0/P[47:0] is not pipelined (MREG=0). Pipelining the multiplier function will improve performance and will save significant power so it is suggested whenever possible to fully pipeline this function.  If this multiplier was inferred, it is suggested to describe an additional register stage after this function.  If there is no registered adder/accumulator following the multiply function, two pipeline stages are suggested to allow both the MREG and PREG registers to be used.  If the DSP48 was instantiated in the design, it is suggested to set both the MREG and PREG attributes to 1 when performing multiply functions.
Related violations: <none>

DPOP-4#150 Warning
MREG Output pipelining  
DSP bd_i/y26_conv_top_0/inst/grp_y26_conv2d_hls_fu_1392/mul_32s_32s_60_2_1_U3383/buff0_reg multiplier stage bd_i/y26_conv_top_0/inst/grp_y26_conv2d_hls_fu_1392/mul_32s_32s_60_2_1_U3383/buff0_reg/P[47:0] is not pipelined (MREG=0). Pipelining the multiplier function will improve performance and will save significant power so it is suggested whenever possible to fully pipeline this function.  If this multiplier was inferred, it is suggested to describe an additional register stage after this function.  If there is no registered adder/accumulator following the multiply function, two pipeline stages are suggested to allow both the MREG and PREG registers to be used.  If the DSP48 was instantiated in the design, it is suggested to set both the MREG and PREG attributes to 1 when performing multiply functions.
Related violations: <none>

DPOP-4#151 Warning
MREG Output pipelining  
DSP bd_i/y26_conv_top_0/inst/grp_y26_conv2d_hls_fu_1392/mul_32s_32s_60_2_1_U3383/buff0_reg__0 multiplier stage bd_i/y26_conv_top_0/inst/grp_y26_conv2d_hls_fu_1392/mul_32s_32s_60_2_1_U3383/buff0_reg__0/P[47:0] is not pipelined (MREG=0). Pipelining the multiplier function will improve performance and will save significant power so it is suggested whenever possible to fully pipeline this function.  If this multiplier was inferred, it is suggested to describe an additional register stage after this function.  If there is no registered adder/accumulator following the multiply function, two pipeline stages are suggested to allow both the MREG and PREG registers to be used.  If the DSP48 was instantiated in the design, it is suggested to set both the MREG and PREG attributes to 1 when performing multiply functions.
Related violations: <none>

DPOP-4#152 Warning
MREG Output pipelining  
DSP bd_i/y26_conv_top_0/inst/grp_y26_conv2d_hls_fu_1392/mul_32s_32s_60_2_1_U3383/tmp_product multiplier stage bd_i/y26_conv_top_0/inst/grp_y26_conv2d_hls_fu_1392/mul_32s_32s_60_2_1_U3383/tmp_product/P[47:0] is not pipelined (MREG=0). Pipelining the multiplier function will improve performance and will save significant power so it is suggested whenever possible to fully pipeline this function.  If this multiplier was inferred, it is suggested to describe an additional register stage after this function.  If there is no registered adder/accumulator following the multiply function, two pipeline stages are suggested to allow both the MREG and PREG registers to be used.  If the DSP48 was instantiated in the design, it is suggested to set both the MREG and PREG attributes to 1 when performing multiply functions.
Related violations: <none>

DPOP-4#153 Warning
MREG Output pipelining  
DSP bd_i/y26_conv_top_0/inst/grp_y26_conv2d_hls_fu_1392/mul_32s_32s_60_2_1_U3383/tmp_product__0 multiplier stage bd_i/y26_conv_top_0/inst/grp_y26_conv2d_hls_fu_1392/mul_32s_32s_60_2_1_U3383/tmp_product__0/P[47:0] is not pipelined (MREG=0). Pipelining the multiplier function will improve performance and will save significant power so it is suggested whenever possible to fully pipeline this function.  If this multiplier was inferred, it is suggested to describe an additional register stage after this function.  If there is no registered adder/accumulator following the multiply function, two pipeline stages are suggested to allow both the MREG and PREG registers to be used.  If the DSP48 was instantiated in the design, it is suggested to set both the MREG and PREG attributes to 1 when performing multiply functions.
Related violations: <none>

DPOP-4#154 Warning
MREG Output pipelining  
DSP bd_i/y26_conv_top_0/inst/grp_y26_conv2d_hls_fu_1392/mul_60s_32s_64_3_1_U3384/buff0_reg multiplier stage bd_i/y26_conv_top_0/inst/grp_y26_conv2d_hls_fu_1392/mul_60s_32s_64_3_1_U3384/buff0_reg/P[47:0] is not pipelined (MREG=0). Pipelining the multiplier function will improve performance and will save significant power so it is suggested whenever possible to fully pipeline this function.  If this multiplier was inferred, it is suggested to describe an additional register stage after this function.  If there is no registered adder/accumulator following the multiply function, two pipeline stages are suggested to allow both the MREG and PREG registers to be used.  If the DSP48 was instantiated in the design, it is suggested to set both the MREG and PREG attributes to 1 when performing multiply functions.
Related violations: <none>

DPOP-4#155 Warning
MREG Output pipelining  
DSP bd_i/y26_conv_top_0/inst/grp_y26_conv2d_hls_fu_1392/mul_60s_32s_64_3_1_U3384/buff0_reg__0 multiplier stage bd_i/y26_conv_top_0/inst/grp_y26_conv2d_hls_fu_1392/mul_60s_32s_64_3_1_U3384/buff0_reg__0/P[47:0] is not pipelined (MREG=0). Pipelining the multiplier function will improve performance and will save significant power so it is suggested whenever possible to fully pipeline this function.  If this multiplier was inferred, it is suggested to describe an additional register stage after this function.  If there is no registered adder/accumulator following the multiply function, two pipeline stages are suggested to allow both the MREG and PREG registers to be used.  If the DSP48 was instantiated in the design, it is suggested to set both the MREG and PREG attributes to 1 when performing multiply functions.
Related violations: <none>

DPOP-4#156 Warning
MREG Output pipelining  
DSP bd_i/y26_conv_top_0/inst/grp_y26_conv2d_hls_fu_1392/mul_60s_32s_64_3_1_U3384/buff0_reg__1 multiplier stage bd_i/y26_conv_top_0/inst/grp_y26_conv2d_hls_fu_1392/mul_60s_32s_64_3_1_U3384/buff0_reg__1/P[47:0] is not pipelined (MREG=0). Pipelining the multiplier function will improve performance and will save significant power so it is suggested whenever possible to fully pipeline this function.  If this multiplier was inferred, it is suggested to describe an additional register stage after this function.  If there is no registered adder/accumulator following the multiply function, two pipeline stages are suggested to allow both the MREG and PREG registers to be used.  If the DSP48 was instantiated in the design, it is suggested to set both the MREG and PREG attributes to 1 when performing multiply functions.
Related violations: <none>

DPOP-4#157 Warning
MREG Output pipelining  
DSP bd_i/y26_conv_top_0/inst/grp_y26_conv2d_hls_fu_1392/mul_60s_32s_64_3_1_U3384/tmp_product multiplier stage bd_i/y26_conv_top_0/inst/grp_y26_conv2d_hls_fu_1392/mul_60s_32s_64_3_1_U3384/tmp_product/P[47:0] is not pipelined (MREG=0). Pipelining the multiplier function will improve performance and will save significant power so it is suggested whenever possible to fully pipeline this function.  If this multiplier was inferred, it is suggested to describe an additional register stage after this function.  If there is no registered adder/accumulator following the multiply function, two pipeline stages are suggested to allow both the MREG and PREG registers to be used.  If the DSP48 was instantiated in the design, it is suggested to set both the MREG and PREG attributes to 1 when performing multiply functions.
Related violations: <none>

DPOP-4#158 Warning
MREG Output pipelining  
DSP bd_i/y26_conv_top_0/inst/grp_y26_conv2d_hls_fu_1392/mul_60s_32s_64_3_1_U3384/tmp_product__0 multiplier stage bd_i/y26_conv_top_0/inst/grp_y26_conv2d_hls_fu_1392/mul_60s_32s_64_3_1_U3384/tmp_product__0/P[47:0] is not pipelined (MREG=0). Pipelining the multiplier function will improve performance and will save significant power so it is suggested whenever possible to fully pipeline this function.  If this multiplier was inferred, it is suggested to describe an additional register stage after this function.  If there is no registered adder/accumulator following the multiply function, two pipeline stages are suggested to allow both the MREG and PREG registers to be used.  If the DSP48 was instantiated in the design, it is suggested to set both the MREG and PREG attributes to 1 when performing multiply functions.
Related violations: <none>

DPOP-4#159 Warning
MREG Output pipelining  
DSP bd_i/y26_conv_top_0/inst/grp_y26_conv2d_hls_fu_1392/mul_60s_32s_64_3_1_U3384/tmp_product__1 multiplier stage bd_i/y26_conv_top_0/inst/grp_y26_conv2d_hls_fu_1392/mul_60s_32s_64_3_1_U3384/tmp_product__1/P[47:0] is not pipelined (MREG=0). Pipelining the multiplier function will improve performance and will save significant power so it is suggested whenever possible to fully pipeline this function.  If this multiplier was inferred, it is suggested to describe an additional register stage after this function.  If there is no registered adder/accumulator following the multiply function, two pipeline stages are suggested to allow both the MREG and PREG registers to be used.  If the DSP48 was instantiated in the design, it is suggested to set both the MREG and PREG attributes to 1 when performing multiply functions.
Related violations: <none>

DPOP-4#160 Warning
MREG Output pipelining  
DSP bd_i/y26_conv_top_0/inst/grp_y26_conv2d_hls_fu_1392/mul_ln1092_2_reg_16188_reg multiplier stage bd_i/y26_conv_top_0/inst/grp_y26_conv2d_hls_fu_1392/mul_ln1092_2_reg_16188_reg/P[47:0] is not pipelined (MREG=0). Pipelining the multiplier function will improve performance and will save significant power so it is suggested whenever possible to fully pipeline this function.  If this multiplier was inferred, it is suggested to describe an additional register stage after this function.  If there is no registered adder/accumulator following the multiply function, two pipeline stages are suggested to allow both the MREG and PREG registers to be used.  If the DSP48 was instantiated in the design, it is suggested to set both the MREG and PREG attributes to 1 when performing multiply functions.
Related violations: <none>

DPOP-4#161 Warning
MREG Output pipelining  
DSP bd_i/y26_conv_top_0/inst/grp_y26_conv2d_hls_fu_1392/mul_ln1528_reg_16145_reg multiplier stage bd_i/y26_conv_top_0/inst/grp_y26_conv2d_hls_fu_1392/mul_ln1528_reg_16145_reg/P[47:0] is not pipelined (MREG=0). Pipelining the multiplier function will improve performance and will save significant power so it is suggested whenever possible to fully pipeline this function.  If this multiplier was inferred, it is suggested to describe an additional register stage after this function.  If there is no registered adder/accumulator following the multiply function, two pipeline stages are suggested to allow both the MREG and PREG registers to be used.  If the DSP48 was instantiated in the design, it is suggested to set both the MREG and PREG attributes to 1 when performing multiply functions.
Related violations: <none>

DPOP-4#162 Warning
MREG Output pipelining  
DSP bd_i/y26_conv_top_0/inst/grp_y26_conv2d_hls_fu_1392/mul_ln472_reg_15819_reg multiplier stage bd_i/y26_conv_top_0/inst/grp_y26_conv2d_hls_fu_1392/mul_ln472_reg_15819_reg/P[47:0] is not pipelined (MREG=0). Pipelining the multiplier function will improve performance and will save significant power so it is suggested whenever possible to fully pipeline this function.  If this multiplier was inferred, it is suggested to describe an additional register stage after this function.  If there is no registered adder/accumulator following the multiply function, two pipeline stages are suggested to allow both the MREG and PREG registers to be used.  If the DSP48 was instantiated in the design, it is suggested to set both the MREG and PREG attributes to 1 when performing multiply functions.
Related violations: <none>

DPOP-4#163 Warning
MREG Output pipelining  
DSP bd_i/y26_conv_top_0/inst/grp_y26_conv2d_hls_fu_1392/mul_ln567_reg_15918_reg multiplier stage bd_i/y26_conv_top_0/inst/grp_y26_conv2d_hls_fu_1392/mul_ln567_reg_15918_reg/P[47:0] is not pipelined (MREG=0). Pipelining the multiplier function will improve performance and will save significant power so it is suggested whenever possible to fully pipeline this function.  If this multiplier was inferred, it is suggested to describe an additional register stage after this function.  If there is no registered adder/accumulator following the multiply function, two pipeline stages are suggested to allow both the MREG and PREG registers to be used.  If the DSP48 was instantiated in the design, it is suggested to set both the MREG and PREG attributes to 1 when performing multiply functions.
Related violations: <none>

DPOP-4#164 Warning
MREG Output pipelining  
DSP bd_i/y26_conv_top_0/inst/grp_y26_conv2d_hls_fu_1392/mul_ln714_reg_16004_reg multiplier stage bd_i/y26_conv_top_0/inst/grp_y26_conv2d_hls_fu_1392/mul_ln714_reg_16004_reg/P[47:0] is not pipelined (MREG=0). Pipelining the multiplier function will improve performance and will save significant power so it is suggested whenever possible to fully pipeline this function.  If this multiplier was inferred, it is suggested to describe an additional register stage after this function.  If there is no registered adder/accumulator following the multiply function, two pipeline stages are suggested to allow both the MREG and PREG registers to be used.  If the DSP48 was instantiated in the design, it is suggested to set both the MREG and PREG attributes to 1 when performing multiply functions.
Related violations: <none>

DPOP-4#165 Warning
MREG Output pipelining  
DSP bd_i/y26_conv_top_0/inst/grp_y26_conv2d_hls_fu_1392/tmp_425_reg_16322_reg multiplier stage bd_i/y26_conv_top_0/inst/grp_y26_conv2d_hls_fu_1392/tmp_425_reg_16322_reg/P[47:0] is not pipelined (MREG=0). Pipelining the multiplier function will improve performance and will save significant power so it is suggested whenever possible to fully pipeline this function.  If this multiplier was inferred, it is suggested to describe an additional register stage after this function.  If there is no registered adder/accumulator following the multiply function, two pipeline stages are suggested to allow both the MREG and PREG registers to be used.  If the DSP48 was instantiated in the design, it is suggested to set both the MREG and PREG attributes to 1 when performing multiply functions.
Related violations: <none>

DPOP-4#166 Warning
MREG Output pipelining  
DSP bd_i/y26_conv_top_0/inst/grp_y26_conv2d_hls_fu_1392/xb_hw_reg_15886_reg multiplier stage bd_i/y26_conv_top_0/inst/grp_y26_conv2d_hls_fu_1392/xb_hw_reg_15886_reg/P[47:0] is not pipelined (MREG=0). Pipelining the multiplier function will improve performance and will save significant power so it is suggested whenever possible to fully pipeline this function.  If this multiplier was inferred, it is suggested to describe an additional register stage after this function.  If there is no registered adder/accumulator following the multiply function, two pipeline stages are suggested to allow both the MREG and PREG registers to be used.  If the DSP48 was instantiated in the design, it is suggested to set both the MREG and PREG attributes to 1 when performing multiply functions.
Related violations: <none>


